{"name": "AB影院",
"url": "https://abu22.com",
"tihuan": "cnzz.com",
"User": "空",
"fenlei": "电影$/vodshow/1--hits------#电视剧$/vodshow/2--hits------#综艺$/vodshow/3--hits------#动漫$/vodshow/4--hits------#纪录片$/vodshow/5--hits------",
"houzhui": "---.html",
"shifouercijiequ": "0",
"jiequqian": "空",
"jiequhou": "空",
"jiequshuzuqian": "class=\"stui-vodlist__item",
"jiequshuzuhou": "</span>",
"tupianqian": "data-original=\"",
"tupianhou": "\"",
"biaotiqian": "title=\"",
"biaotihou": "\"",
"lianjieqian": "href=\"",
"lianjiehou": "\"",
"sousuoqian": "/index.php/ajax/suggest?mid=1&wd=",
"sousuohou": "&limit=10",
"sousuohouzhui": "/voddetail/",
"ssmoshi": "0",
"sousuoshifouercijiequ": "0","jspic": "pic",
"jsname": "name","jsid": "id",
"ssjiequqian": "空",
"ssjiequhou": "空",
"ssjiequshuzuqian": "空",
"ssjiequshuzuhou": "空",
"sstupianqian": "空",
"sstupianhou": "空",
"ssbiaotiqian": "空",
"ssbiaotihou": "空",
"sslianjieqian": "空",
"sslianjiehou": "空",
"bfshifouercijiequ": "0",
"bfjiequqian": "空",
"bfjiequhou": "空",
"zhuangtaiqian": "年份：",
"zhuangtaihou": "</a>",
"daoyanqian": "导演：",
"daoyanhou": "</p>",
"zhuyanqian": "主演：",
"zhuyanhou": "</p>",
"juqingqian": "class=\"stui-content__desc col-pd clearfix\">",
"juqinghou": "</div>",
"bfjiequshuzuqian": "class=\"stui-content__playlist",
"bfjiequshuzuhou": "</ul>",
"bfyshifouercijiequ": "0",
"bfyjiequqian": "空",
"bfyjiequhou": "空",
"bfyjiequshuzuqian": "<a",
"bfyjiequshuzuhou": "/a>",
"bfbiaotiqian": ">",
"bfbiaotihou": "<",
"bflianjieqian": "href=\"",
"bflianjiehou": "\""}
