{
  "name": "UM影院",
  "url": "https://www.umkan.com/",
  "User": "User-Agent:Dart/2.14 (dart:io)",
  "shouye": "1",
  "fenlei": "电影$/index.php/vod/show/id/1/page/#国产剧$/index.php/vod/show/class/国产/id/2/page/#电视剧$/index.php/vod/show/id/2/page/#综艺$/index.php/vod/show/id/3/page/#动画$/index.php/vod/show/id/4/page/",
  "houzhui": ".html",
  "shifouercijiequ": "1",
  "jiequqian": "class=\"module-items",
  "jiequhou": "id=\"page",
  "jiequshuzuqian": "<a",
  "jiequshuzuhou": "</a>",
  "tupianqian": "data-original=\"",
  "tupianhou": "\"",
  "biaotiqian": "title=\"",
  "biaotihou": "\"",
  "lianjieqian": "href=\"",
  "lianjiehou": "\"",
  "sousuoqian": "/index.php/ajax/suggest?mid=1&wd=",
  "sousuohou": "&limit=500",
  "sousuohouzhui": "/index.php/vod/detail/id/",
  "ssmoshi": "0",
  "sousuoshifouercijiequ": "0",
  "jspic": "pic",
  "jsname": "name",
  "jsid": "id",
  "ssjiequqian": "空",
  "ssjiequhou": "空",
  "ssjiequshuzuqian": "空",
  "ssjiequshuzuhou": "空",
  "sstupianqian": "空",
  "sstupianhou": "空",
  "ssbiaotiqian": "空",
  "ssbiaotihou": "空",
  "sslianjieqian": "空",
  "sslianjiehou": "空",
  "bfshifouercijiequ": "0",
  "bfjiequqian": "空",
  "bfjiequhou": "空",
  "zhuangtaiqian": "class=\"module-item-note\">",
  "zhuangtaihou": "</div>",
  "daoyanqian": "target=\"_blank\">",
  "daoyanhou": "</a>",
  "zhuyanqian": "target=\"_blank\">",
  "zhuyanhou": "</span>",
  "juqingqian": "class=\"module-info-introduction-content\">",
  "juqinghou": "</p>",
  "bfjiequshuzuqian": "class=\"module-list",
  "bfjiequshuzuhou": "</div>",
  "bfyshifouercijiequ": "0",
  "bfyjiequqian": "空",
  "bfyjiequhou": "空",
  "bfyjiequshuzuqian": "<a",
  "bfyjiequshuzuhou": "/a>",
  "bfbiaotiqian": "<span>",
  "bfbiaotihou": "</span>",
  "bflianjieqian": "href=\"",
  "bflianjiehou": "\""
}