{"name": "剧荒TV",
"url": "https://juhuang.tv/",
"ua": "空",
"User": "空",
"shouye": "1",
"fenlei": "youtube精选$/type/28_type_#剧集$/type/2_type_#电影$/type/1_type_#综艺$/type/3_type.html?#动漫$/type/4_type_#纪录片$/type/21_type_#国剧$/type/14_type_#日剧$/type/15_type_#韩剧$/type/13_type_#美剧$/type/16_type_#英剧$/type/27_type_#泰剧$/type/24_type_#其他剧$/type/25_type_",
"houzhui": ".html",
"qishiye": "2",
"shifouercijiequ": "0",
"jiequqian": "空",
"jiequhou": "空",
"jiequshuzuqian": "<img class=\"lazy lazyloaded",
"jiequshuzuhou": "</a>",
"tupianqian": "data-src=\"",
"tupianhou": "\"",
"tupianqianzhui": "空",
"biaotiqian": "title=\"",
"biaotihou": "\"",
"lianjieqian": "href=\"",
"lianjiehou": "\"",
"ljqianzhui": "https://juhuang.tv",
"fubiaotiqian": "<div class=\"module-item-caption\">",
"fubiaotihou": "</div>",
"sousuohouzhui": "/play/",
"jspic": "vod_pic",
"jsname": "vod_name",
"jsid": "vod_id",
"sousuoqian": "https://so.juhuang.tv/soapi.php?wd=",
"sousuohou": "",
"ssmoshi": "1",
"sousuoshifouercijiequ": "1",
"ssjiequqian": "[",
"ssjiequhou": "]",
"ssjiequshuzuqian": "{",
"ssjiequshuzuhou": "}",
"sstupianqian": "vod_pic\":\"",
"sstupianhou": "\"",
"sstupianqianzhui": "空",
"ssbiaotiqian": "vod_name\":\"",
"ssbiaotihou": "\"",
"sslianjieqian": "vod_id\":\"",
"sslianjiehou": "\"",
"ssljqianzhui": "https://juhuang.tv/play/",
"ssljhouzhui": "_play_1_1.html",
"bfshifouercijiequ": "0",
"bfjiequqian": "空",
"bfjiequhou": "空",
"bfjiequshuzuqian": "id=\"sort-item-1\">",
"bfjiequshuzuhou": "<div class=\"shortcuts-mobile-overlay",
"zhuangtaiqian": "<div class=\"video-info-aux\">",
"zhuangtaihou": "</div>",
"daoyanqian": "（",
"daoyanhou": "）",
"zhuyanqian": "vod_actor = '",
"zhuyanhou": "'",
"juqingqian": "style=\"display: none;\">",
"juqinghou": "<span",
"bfyshifouercijiequ": "0",
"bfyjiequqian": "空",
"bfyjiequhou": "空",
"bfyjiequshuzuqian": "<a",
"bfyjiequshuzuhou": "/span>",
"bfbiaotiqian": "span>",
"bfbiaotihou": "<",
"bflianjieqian": "href=\"",
"bflianjiehou": "\"",
"bfqianzhui": "https://juhuang.tv"
}