
{"name": "听书网",
"url": "https://www.tingbook.cc",
"tihuan": "cnzz.com",
//"User": "User-Agent:Dart/2.14 (dart:io)",
"fenlei": "玄幻$/book/1-#武侠$/book/2-#都市$/book/3-#言情$/book/4-#科幻$/book/5-#推理$/book/6-#恐怖$/book/7-#惊悚$/book/8-#历史$/book/9-#军事$/book/10-#网游$/book/11-#官商$/book/12-#评书$/book/13-#相声$/book/14-#文学$/book/15-#儿童$/book/16-#穿越$/book/28-#娱乐$/book/29-#笑话$/book/30-#戏曲$/book/31-#其它$/book/32-#百家讲坛$/book/33-",
"houzhui": ".html",
"shifouercijiequ": "0",
"jiequqian": "空",
"jiequhou": "空",
"jiequshuzuqian": "class=\"col-12 col-m-24 col3-\"",
"jiequshuzuhou": "</p>",
"tupianqian": "src=\"",
"tupianhou": "\"",
"tupianqianzhui": "https://www.tingbook.cc",
"biaotiqian": "alt=\"",
"biaotihou": "\"",
"lianjieqian": "href=\"",
"lianjiehou": "\"",
"zhuangtaiqian": "> <span class=\"mr10\">",
"zhuangtaihou": "</span>",
"sousuoqian": "/search.php?searchword=",
"sousuohou": "",
"sousuohouzhui": "/show/",
"ssmoshi": "1",
"sousuoshifouercijiequ": "0",
"jspic": "pic",
"jsname": "name",
"jsid": "id",
"ssjiequqian": "空",
"ssjiequhou": "空",
"ssjiequshuzuqian": "class=\"col-12 col-m-24 col3-",
"ssjiequshuzuhou": "</span>",
"sstupianqian": "src=\"",
"sstupianhou": "\"",
"sstupianqianzhui": "https://www.tingbook.cc",
"ssbiaotiqian": "alt=\"",
"ssbiaotihou": "\"",
"sslianjieqian": "href=\"",
"sslianjiehou": "\"",
"bfshifouercijiequ": "0",
"bfjiequqian": "空",
"bfjiequhou": "空",
"bfjiequshuzuqian": "class=\"tx-title2 f-16 f-bold",
"bfjiequshuzuhou": "</ul>",
"daoyanqian": "作者：",
"daoyanhou": "&nbsp;&nbsp;",
"zhuyanqian": "播音：",
"zhuyanhou": "</p>",
"juqingqian": "播音，",
"juqinghou": "</p>",
"bfyshifouercijiequ": "0",
"bfyjiequqian": "空",
"bfyjiequhou": "空",
"bfyjiequshuzuqian": "<a",
"bfyjiequshuzuhou": "/a>",
"bfbiaotiqian": "title=\"",
"bfbiaotihou": "\"",
"bflianjieqian": "href=\"",
"bflianjiehou": "\""}
