{
  "name": "天空影视",
  "url": "https://www.tkys.tv",
  "tihuan": "cnzz.com",
  "shouye": "1",
  "fenlei": "电影$/vodshow/by/time/id/1/page/#电视剧$/vodshow/by/time/id/2/page/#综艺$/vodshow/by/time/id/3/page/#动漫$/vodshow/by/time/id/4/page/#国产剧$/vodshow/area/内地/id/2/page/#港剧$/vodshow/area/香港/id/2/page/#韩剧$/vodshow/area/韩国/id/2/page/#美剧$/vodshow/area/美国/id/2/page/#泰剧$/vodshow/area/泰国/id/2/page/#日剧$/vodshow/area/日本/id/2/page/#台剧$/vodshow/area/台湾/id/2/page/#英剧$/vodshow/area/英国/id/2/page/#古装剧$/vodshow/by/time/class/古装/id/2/page/#言情剧$/vodshow/by/time/class/言情/id/2/page/#武侠剧$/vodshow/by/time/class/武侠/id/2/page/#偶像剧$/vodshow/by/time/class/偶像/id/2/page/#家庭剧$/vodshow/by/time/class/家庭/id/2/page/#青春剧$/vodshow/by/time/class/青春/id/2/page/#都市剧$/vodshow/by/time/class/都市/id/2/page/#喜剧$/vodshow/by/time/class/喜剧/id/2/page/#战争剧$/vodshow/by/time/class/战争/id/2/page/#军旅剧$/vodshow/by/time/class/军旅/id/2/page/#谍战剧$/vodshow/by/time/class/谍战/id/2/page/#悬疑剧$/vodshow/by/time/class/悬疑/id/2/page/#罪案剧$/vodshow/by/time/class/罪案/id/2/page/#穿越剧$/vodshow/by/time/class/穿越/id/2/page/#宫廷剧$/vodshow/by/time/class/宫廷/id/2/page/#历史剧$/vodshow/by/time/class/历史/id/2/page/#神话剧$/vodshow/by/time/class/神话/id/2/page/#科幻剧$/vodshow/by/time/class/科幻/id/2/page/#年代剧$/vodshow/by/time/class/年代/id/2/page/#农村剧$/vodshow/by/time/class/农村/id/2/page/#商战剧$/vodshow/by/time/class/商战/id/2/page/#剧情剧$/vodshow/by/time/class/剧情/id/2/page/#奇幻剧$/vodshow/by/time/class/奇幻/id/2/page/#网落剧$/vodshow/by/time/class/网剧/id/2/page/#真人动漫$/vodshow/by/time/class/真人动漫/id/2/page/#体育电竞$/vodshow/by/time/class/体育电竞/id/2/page/#竖短片$/vodshow/by/time/class/竖短片/id/2/page/#喜剧片$/vodshow/by/time/class/喜剧/id/1/page/#爱情片$/vodshow/by/time/class/爱情/id/1/page/#恐怖片$/vodshow/by/time/class/恐怖/id/1/page/#动作片$/vodshow/by/time/class/动作/id/1/page/#科幻片$/vodshow/by/time/class/科幻/id/1/page/#剧情片$/vodshow/by/time/class/剧情/id/1/page/#战争片$/vodshow/by/time/class/战争/id/1/page/#警匪片$/vodshow/by/time/class/警匪/id/1/page/#犯罪片$/vodshow/by/time/class/犯罪/id/1/page/#动画片$/vodshow/by/time/class/动画/id/1/page/#奇幻片$/vodshow/by/time/class/奇幻/id/1/page/#武侠片$/vodshow/by/time/class/武侠/id/1/page/#冒险片$/vodshow/by/time/class/冒险/id/1/page/#枪战片$/vodshow/by/time/class/枪战/id/1/page/#悬疑片$/vodshow/by/time/class/悬疑/id/1/page/#惊悚片$/vodshow/by/time/class/惊悚/id/1/page/#经典片$/vodshow/by/time/class/经典/id/1/page/#青春片$/vodshow/by/time/class/青春/id/1/page/#文艺片$/vodshow/by/time/class/文艺/id/1/page/#微电影$/vodshow/by/time/class/微电影/id/1/page/#古装片$/vodshow/by/time/class/古装/id/1/page/#历史片$/vodshow/by/time/class/历史/id/1/page/#运动片$/vodshow/by/time/class/运动/id/1/page/#农村片$/vodshow/by/time/class/农村/id/1/page/#儿童片$/vodshow/by/time/class/儿童/id/1/page/#网络电影$/vodshow/by/time/class/网络电影/id/1/page/",
  "houzhui": ".html",
  "shifouercijiequ": "0",
  "jiequqian": "空",
  "jiequhou": "空",
  "jiequshuzuqian": "class=\"col-lg-8",
  "jiequshuzuhou": "</span>",
  "tupianqian": "original=\"",
  "tupianhou": "\"",
  "biaotiqian": "title=\"",
  "biaotihou": "\"",
  "lianjieqian": "href=\"",
  "lianjiehou": "\"",
  "sousuoqian": "/index.php/ajax/suggest?mid=1&wd=",
  "sousuohou": "&limit=500",
  "sousuohouzhui": "/voddetail/",
  "ssmoshi": "0",
  "sousuoshifouercijiequ": "0",
  "jspic": "pic",
  "jsname": "name",
  "jsid": "id",
  "ssjiequqian": "空",
  "ssjiequhou": "空",
  "ssjiequshuzuqian": "空",
  "ssjiequshuzuhou": "空",
  "sstupianqian": "空",
  "sstupianhou": "空",
  "ssbiaotiqian": "空",
  "ssbiaotihou": "空",
  "sslianjieqian": "空",
  "sslianjiehou": "空",
  "bfshifouercijiequ": "0",
  "bfjiequqian": "空",
  "bfjiequhou": "空",
  "bfjiequshuzuqian": "id=\"playlist",
  "bfjiequshuzuhou": "</ul>",
  "zhuangtaiqian": "备注：</span>",
  "zhuangtaihou": "</div>",
  "daoyanqian": "导演：</span>",
  "daoyanhou": "</div>",
  "zhuyanqian": "主演：</span>",
  "zhuyanhou": "</div>",
  "juqingqian": "class=\"video-info-item video-info-content vod_content\">",
  "juqinghou": "</span>",
  "bfyshifouercijiequ": "0",
  "bfyjiequqian": "空",
  "bfyjiequhou": "空",
  "bfyjiequshuzuqian": "<a",
  "bfyjiequshuzuhou": "/a>",
  "bfbiaotiqian": ">",
  "bfbiaotihou": "<",
  "bflianjieqian": "href=\"",
  "bflianjiehou": "\""
}
