{"name": "提丝袜",
"url": "https://www.ckss23.com",
"tihuan": "cnzz.com",
"User": "空",
"fenlei": "巨乳美乳$/vodtype/21-#亚洲涩情$/vodtype/6-#国产主播$/vodtype/7-#国产自拍$/vodtype/8-#欧美性爱$/vodtype/9-#无碼专区$/vodtype/10-#巨乳美乳$/vodtype/11-#熟女嬌妻$/vodtype/12-#强賤乱倫$/vodtype/30-#人兽$/vodtype/28-#少女萝莉$/vodtype/29-#重口色情$/vodtype/27-#丝袜长腿$/vodtype/13-#中文字幕$/vodtype/14-#制服诱惑$/vodtype/15-#女同性恋$/vodtype/16-#卡通动画$/vodtype/45-#日韩无碼$/vodtype/43-#强賤乱倫$/vodtype/42-",
"houzhui": ".html",
"shifouercijiequ": "0",
"jiequqian": "空",
"jiequhou": "空",
"jiequshuzuqian": "class=\"content-item",
"jiequshuzuhou": "</li>",
"tupianqian": "data-original=\"",
"tupianhou": "\"",
"biaotiqian": "title=\"",
"biaotihou": "\"",
"lianjieqian": "href=\"",
"lianjiehou": "\"",
"sousuoqian": "/index.php/ajax/suggest?mid=1&wd=",
"sousuohou": "&limit=500",
"sousuohouzhui": "/voddetail/",
"ssmoshi": "0",
"sousuoshifouercijiequ": "0",
"jspic": "pic",
"jsname": "name",
"jsid": "id",
"ssjiequqian": "空",
"ssjiequhou": "空",
"ssjiequshuzuqian": "空",
"ssjiequshuzuhou": "空",
"sstupianqian": "空",
"sstupianhou": "空",
"ssbiaotiqian": "空",
"ssbiaotihou": "空",
"sslianjieqian": "空",
"sslianjiehou": "空",
"bfshifouercijiequ": "0",
"bfjiequqian": "空",
"bfjiequhou": "空",
"bfjiequshuzuqian": "class=\"playlist",
"bfjiequshuzuhou": "</tr>",
"zhuangtaiqian": "视频类型：",
"zhuangtaihou": "</p>",
"daoyanqian": "更新时间：",
"daoyanhou": "</p>",
"zhuyanqian": "主演：</span>",
"zhuyanhou": "</p>",
"juqingqian": "text-ellipsis\">",
"juqinghou": "</h2>",
"bfyshifouercijiequ": "0",
"bfyjiequqian": "空",
"bfyjiequhou": "空",
"bfyjiequshuzuqian": "<a",
"bfyjiequshuzuhou": "/a>",
"bfbiaotiqian": ">",
"bfbiaotihou": "<",
"bflianjieqian": "href=\"",
"bflianjiehou": "\""}
