{
  "author":"20220605",
  "name": "特狗影视",
  "url": "https://www.tegouys.com",
  "tihuan": "cnzz.com",
  "User": "空",
  "shouye": "1",
  "fenlei": "儿童电影$/vodshow/class/儿童/id/1/page/#亲子综艺$/vodshow/class/亲子/id/3/page/#合家欢动漫$/vodshow/class/合家欢/id/4/page/#曲艺综艺$/vodshow/class/曲艺/id/3/page/#电影$/vodshow/id/1/page/#国产剧$/vodshow/area/内地/id/2/page/#香港剧$/vodshow/area/香港/id/2/page/#韩国剧$/vodshow/area/韩国/id/2/page/#美国剧$/vodshow/area/美国/id/2/page/#日本剧$/vodshow/area/日本/id/2/page/#泰国剧$/vodshow/area/泰国/id/2/page/#台湾剧$/vodshow/area/台湾/id/2/page/#英国剧$/vodshow/area/英国/id/2/page/#其它剧$/vodshow/area/其它/id/2/page/#综艺$/vodshow/id/3/page/#国产动漫$/vodshow/area/内地/id/4/page/#日本动漫$/vodshow/area/日本/id/4/page/#欧美动漫$/vodshow/area/欧美/id/4/page/#其它动漫$/vodshow/area/其它/id/4/page/",
  "houzhui": ".html",
  "shifouercijiequ": "0",
  "jiequqian": "空",
  "jiequhou": "空",
  "jiequshuzuqian": "class=\"myui-vodlist__box\"",
  "jiequshuzuhou": "</span>",
  "tupianqian": "data-original=\"",
  "tupianhou": "\"",
  "biaotiqian": "title=\"",
  "biaotihou": "\"",
  "lianjieqian": "href=\"",
  "lianjiehou": "\"",
  "sousuoqian": "/ajax/suggest?mid=1&wd=",
  "sousuohou": "&limit=500",
  "sousuohouzhui": "/voddetail/",
  "ssmoshi": "0",
  "sousuoshifouercijiequ": "0",
  "jspic": "pic",
  "jsname": "name",
  "jsid": "id",
  "ssjiequqian": "空",
  "ssjiequhou": "空",
  "ssjiequshuzuqian": "空",
  "ssjiequshuzuhou": "空",
  "sstupianqian": "空",
  "sstupianhou": "空",
  "ssbiaotiqian": "空",
  "ssbiaotihou": "空",
  "sslianjieqian": "空",
  "sslianjiehou": "空",
  "bfshifouercijiequ": "0",
  "bfjiequqian": "空",
  "bfjiequhou": "空",
  "bfjiequshuzuqian": "id=\"playlist",
  "bfjiequshuzuhou": "</ul>",
  "zhuangtaiqian": "class=\"text-red\">",
  "zhuangtaihou": "/",
  "daoyanqian": "导演：</span>",
  "daoyanhou": "</p>",
  "zhuyanqian": "主演：</span>",
  "zhuyanhou": "</p>",
  "juqingqian": "简介：</span>",
  "juqinghou": "<a",
  "bfyshifouercijiequ": "0",
  "bfyjiequqian": "空",
  "bfyjiequhou": "空",
  "bfyjiequshuzuqian": "<a",
  "bfyjiequshuzuhou": "/a>",
  "bfbiaotiqian": ">",
  "bfbiaotihou": "<",
  "bflianjieqian": "href=\"",
  "bflianjiehou": "\""
}
