{
  "name": "玖爱视频",
  "url": "https://ffx996.com",
  "User": "空",
  "shouye": "1",
  "fenlei": "国产系列$/index.php/vod/type/id/21/page/#日本系列$/index.php/vod/type/id/20/page/#福利嫩妹$/index.php/vod/type/id/23/page/#极品女同$/index.php/vod/type/id/34/page/#白虎处女$/index.php/vod/type/id/35/page/#传媒映画$/index.php/vod/type/id/24/page/#网曝黑料$/index.php/vod/type/id/26/page/#台湾swag$/index.php/vod/type/id/22/page/#寻花探花$/index.php/vod/type/id/25/page/#短视频$/index.php/vod/type/id/27/page/#网友原创$/index.php/vod/type/id/31/page/#AI换脸$/index.php/vod/type/id/32/page/#cosplay$/index.php/vod/type/id/29/page/#主播系列$/index.php/vod/type/id/30/page/#3D动漫$/index.php/vod/type/id/28/page/#欧美风情$/index.php/vod/type/id/33/page/
",
  "houzhui": ".html",
  "shifouercijiequ": "0",
  "jiequqian": "空",
  "jiequhou": "空",
  "jiequshuzuqian": "class=\"thumbnail\"",
  "jiequshuzuhou": "</h5>",
  "tupianqian": "data-original=\"",
  "tupianhou": "\"",
  "biaotiqian": "target=\"_blank\">",
  "biaotihou": "</a>",
  "lianjieqian": "href=\"",
  "lianjiehou": "\"",
  "sousuoqian": "/index.php/ajax/suggest?mid=1&wd=",
  "sousuohou": "&limit=500",
  "sousuohouzhui": "/index.php/vod/detail/id/",
  "ssmoshi": "0",
  "sousuoshifouercijiequ": "0",
  "jspic": "pic",
  "jsname": "name",
  "jsid": "id",
  "ssjiequqian": "空",
  "ssjiequhou": "空",
  "ssjiequshuzuqian": "空",
  "ssjiequshuzuhou": "空",
  "sstupianqian": "空",
  "sstupianhou": "空",
  "ssbiaotiqian": "空",
  "ssbiaotihou": "空",
  "sslianjieqian": "空",
  "sslianjiehou": "空",
  "bfshifouercijiequ": "0",
  "bfjiequqian": "空",
  "bfjiequhou": "空",
  "zhuangtaiqian": " class=\"text-red\">",
  "zhuangtaihou": "</span>",
  "daoyanqian": "导演：",
  "daoyanhou": "</p>",
  "zhuyanqian": "主演：",
  "zhuyanhou": "</p>",
  "juqingqian": "class=\"sketch content\">",
  "juqinghou": "</span>",
  "bfjiequshuzuqian": "class=\"detail-play-list clearfix tab-pane ff-playurl ff-playurl-tab-1 active fade in\">",
  "bfjiequshuzuhou": "</div>",
  "bfyshifouercijiequ": "0",
  "bfyjiequqian": "空",
  "bfyjiequhou": "空",
  "bfyjiequshuzuqian": "<li>",
  "bfyjiequshuzuhou": "</li>",
  "bfbiaotiqian": ">",
  "bfbiaotihou": "</a>",
  "bflianjieqian": "href=\"",
  "bflianjiehou": "\""
},
