{
  "author": "sober",
  "name": "私人影院",
  "url": "https://soumk.com",
  "tihuan": "cnzz.com",
  "User": "空", //这个不用动，是个别网站播放需要请求头时才用到
  //"User": "User-Agent:Dart/2.14 (dart:io)",
  //"shouye": "1",

  "fenlei": "电影$/vodtype/1-#连续剧$/vodtype/2-#综艺$/vodtype/3-#动漫$/vodtype/4-", 
  "houzhui": ".html", 
  "shifouercijiequ": "0", 
  "jiequqian": "空", 
  "jiequhou": "空", 
  "jiequshuzuqian": "class=\"stui-vodlist__box\"", 
  "jiequshuzuhou": "</span>", 
  "tupianqian": "data-original=\"", 
  "tupianhou": "\"", 
  "biaotiqian": "title=\"",
  "biaotihou": "\"", 
  "lianjieqian": "href=\"https://soumk.com", 
  "lianjiehou": "\"", 
  "sousuoqian": "/index.php/ajax/suggest?mid=1&wd=",
  "sousuohou": "&limit=500",
  "sousuohouzhui": "/voddetail/", //搜索页影片跳转详情页的中间标识链接部分
  "ssmoshi": "0",
  "sousuoshifouercijiequ": "0",
  "jspic": "pic",
  "jsname": "name",
  "jsid": "id",
  "ssjiequqian": "空",
  "ssjiequhou": "空",
  "ssjiequshuzuqian": "空",
  "ssjiequshuzuhou": "空",
  "sstupianqian": "空",
  "sstupianhou": "空",
  "ssbiaotiqian": "空",
  "ssbiaotihou": "空",
  "sslianjieqian": "空",
  "sslianjiehou": "空",
  "bfshifouercijiequ": "0",
  "bfjiequqian": "空",
  "bfjiequhou": "空",
  "bfjiequshuzuqian": "class=\"stui-content__playlist clearfix\"", 
  "bfjiequshuzuhou": "</ul>", 
  "zhuangtaiqian": "class=\"data\"", 
  "zhuangtaihou": "</p>", 
  "daoyanqian": "导演：</span>", 
  "daoyanhou": "</p>", 
  "zhuyanqian": "主演：</span>", 
  "zhuyanhou": "</p>", 
  "juqingqian": "简介：</span>", 
  "juqinghou": "</p>", 
  "bfyshifouercijiequ": "0", 
  "bfyjiequqian": "空", 
  "bfyjiequhou": "空", 
  "bfyjiequshuzuqian": "<a",
  "bfyjiequshuzuhou": "/a>", 
  "bfbiaotiqian": ">", 
  "bfbiaotihou": "<", 
  "bflianjieqian": "href=\"", 
  "bflianjiehou": "\""
} 
