{"name": "老鸭TV",
  "url": "https://laoyatv.com",
  "tihuan": "cnzz.com", 
  "User": "空", 
  "shouye": "1",
  "fenlei": "片商$/index.php/vod/show/id/1/page/#MD系列$/index.php/vod/show/id/2/page/#国产$/index.php/vod/show/id/3/page/#节目$/index.php/vod/show/id/4/page/#91制片厂$/index.php/vod/show/id/6/page/#天美传媒$/index.php/vod/show/id/7/page/#星空传媒$/index.php/vod/show/id/8/page/#精东影业$/index.php/vod/show/id/9/page/#蜜桃传媒$/index.php/vod/show/id/10/page/#葫芦鲸鱼$/index.php/vod/show/id/11/page/#乐播传媒$/index.php/vod/show/id/12/page/#涩会SH$/index.php/vod/show/id/25/page/#叮叮DD$/index.php/vod/show/id/26/page/#肉肉RR$/index.php/vod/show/id/27/page/#辣椒HPP$/index.php/vod/show/id/28/page/#豚豚TT$/index.php/vod/show/id/29/page/#色空$/index.php/vod/show/id/34/page/#麻豆$/index.php/vod/show/id/13/page/#兔子先生$/index.php/vod/show/id/17#猫爪$/index.php/vod/show/id/14#爱豆$/index.php/vod/show/id/15#皇家华人$/index.php/vod/show/id/16#自拍调教$/index.php/vod/show/id/20#网爆泄密$/index.php/vod/show/id/21/page/#主播录播$/index.php/vod/show/id/22/page/#探花偷拍$/index.php/vod/show/id/23/page/#素人自制$/index.php/vod/show/id/24/page/#AV解说$/index.php/vod/show/id/31/page/#未分类系列$/index.php/vod/show/id/32/page/#日韩字幕$/index.php/vod/show/id/33/page/#日本无码$/index.php/vod/show/id/35/page/#情色游戏$/index.php/vod/show/id/18/page/", 
  "houzhui": ".html",
  "shifouercijiequ": "0", 
  "jiequqian": "空",
  "jiequhou": "空", 
  "jiequshuzuqian": "class=\"module-item-pic", 
  "jiequshuzuhou": "alt=\"",
  "tupianqian": "data-src=\"",
  "tupianhou": "\"",
  "biaotiqian": "title=\"", 
  "biaotihou": "\"",
  "lianjieqian": "href=\"", 
  "lianjiehou": "\"", 
  "sousuoqian": "/index.php/ajax/suggest?mid=1&wd=",
  "sousuohou": "&limit=500",
  "sousuohouzhui": "/show/", 
  "ssmoshi": "0",
  "sousuoshifouercijiequ": "0",
  "jspic": "pic",
  "jsname": "name",
  "jsid": "id",
  "ssjiequqian": "空",
  "ssjiequhou": "空",
  "ssjiequshuzuqian": "空",
  "ssjiequshuzuhou": "空",
  "sstupianqian": "空",
  "sstupianhou": "空",
  "ssbiaotiqian": "空",
  "ssbiaotihou": "空",
  "sslianjieqian": "空",
  "sslianjiehou": "空",
  "bfshifouercijiequ": "0",
  "bfjiequqian": "空",
  "bfjiequhou": "空",
  "bfjiequshuzuqian": "id=\"sort-item", 
  "bfjiequshuzuhou": "</div>", 
  "zhuangtaiqian": "状态：</span>",
  "zhuangtaihou": "</div>",
  "daoyanqian": "导演：</span>",
  "daoyanhou": "</div>",
  "zhuyanqian": "主演：</span>",
  "zhuyanhou": "</div>",
  "juqingqian": "剧情：</span>",
  "juqinghou": "</div>",
  "bfyshifouercijiequ": "0", 
  "bfyjiequqian": "空", 
  "bfyjiequhou": "空", 
  "bfyjiequshuzuqian": "<a", 
  "bfyjiequshuzuhou": "/a>",
  "bfbiaotiqian": ">",
  "bfbiaotihou": "<", 
  "bflianjieqian": "href=\"",
  "bflianjiehou": "\""
}