{"name": "聚优废柴网资源",
"url": "https://www.2024xxj.com",
"tihuan": "cnzz.com",
"User": "空",
"shouye": "0",
"fenlei": "VIP专区$/?ju=fcw-fcwfl-vipzq-#日本有码$/?ju=fcw-fcwfl-rbym-#日本无码$/?ju=fcw-fcwfl-rbwm-#偷拍系列$/?ju=fcw-fcwfl-tpxl-#成人动漫$/?ju=fcw-fcwfl-crdm-#国产自拍$/?ju=fcw-fcwfl-gczp-#韩国综合$/?ju=fcw-fcwfl-hgzh-#VR专区$/?ju=fcw-fcwfl-vrzq-#欧美专区$/?ju=fcw-fcwfl-omzq-",
"houzhui": ".html",
"shifouercijiequ": "0",
"jiequqian": "空",
"jiequhou": "空",
"jiequshuzuqian": "class=\"uk-width-1-5",
"jiequshuzuhou": "</a>",
"tupianqian": "data-original=\"",
"tupianhou": "\"",
"biaotiqian": "alt=\"",
"biaotihou": "\"",
"lianjieqian": "href=\"",
"lianjiehou": "\"",
"sousuoqian": "/?m=search-type-so-0.html&TXT=",
"sousuohou": "&submit=",
"sousuohouzhui": "/detail/",
"ssmoshi": "1",
"sousuoshifouercijiequ": "0",
"jspic": "空",
"jsname": "空",
"jsid": "空",
"ssjiequqian": "空",
"ssjiequhou": "空",
"ssjiequshuzuqian": "class=\"uk-width-1-5",
"ssjiequshuzuhou": "</a>",
"sstupianqian": "src=\"",
"sstupianhou": "\"",
"ssbiaotiqian": "alt=\"",
"ssbiaotihou": "\"",
"sslianjieqian": "href=\"",
"sslianjiehou": "\"",
"bfshifouercijiequ": "0",
"bfjiequqian": "空",
"bfjiequhou": "空",
"bfjiequshuzuqian": "class=\"read-btn uk-margin-bottom",
"bfjiequshuzuhou": "</div>",
"zhuangtaiqian": "影片分类:<span>",
"zhuangtaihou": "</p>",
"daoyanqian": "更新时间:<span>",
"daoyanhou": "</p>",
"zhuyanqian": "class=\"data\">主演：",
"zhuyanhou": "</p>",
"juqingqian": "<h3",
"juqinghou": "</h3>",
"bfyshifouercijiequ": "0",
"bfyjiequqian": "空",
"bfyjiequhou": "空",
"bfyjiequshuzuqian": "<a",
"bfyjiequshuzuhou": "/a>",
"bfbiaotiqian": ">",
"bfbiaotihou": "<",
"bflianjieqian": "href=\"",
"bflianjiehou": "\""
}