{"name": "聚优久久热资源",
"url": "https://www.2024xxj.com",
"tihuan": "cnzz.com",
"User": "空",
"shouye": "0",
"fenlei": "国产自拍$/?ju=99re-99refl-72-#肛交$/?ju=99re-99refl-67-#口爆颜射$/?ju=99re-99refl-66-#潮吹$/?ju=99re-99refl-63-#制服丝袜$/?ju=99re-99refl-65-#一本道$/?ju=99re-99refl-59-#日本有码$/?ju=99re-99refl-58-#加勒比$/?ju=99re-99refl-57-#日本无码$/?ju=99re-99refl-56-#李宗瑞全集$/?ju=99re-99refl-55-#中文字幕$/?ju=99re-99refl-54-#会员认证作品$/?ju=99re-99refl-64-#欧美$/?ju=99re-99refl-53-#东京热$/?ju=99re-99refl-68-#小格式综合$/?ju=99re-99refl-69-#女主播系列$/?ju=99re-99refl-70-#成人动漫$/?ju=99re-99refl-71-#SM性虐$/?ju=99re-99refl-73-#韩国综合$/?ju=99re-99refl-74-#三级专区$/?ju=99re-99refl-75-#VR专区$/?ju=99re-99refl-76-",
"houzhui": ".html",
"shifouercijiequ": "0",
"jiequqian": "空",
"jiequhou": "空",
"jiequshuzuqian": "class=\"uk-width-1-5",
"jiequshuzuhou": "</a>",
"tupianqian": "data-original=\"",
"tupianhou": "\"",
"biaotiqian": "alt=\"",
"biaotihou": "\"",
"lianjieqian": "href=\"",
"lianjiehou": "\"",
"sousuoqian": "/?m=search-type-so-0.html&TXT=",
"sousuohou": "&submit=",
"sousuohouzhui": "/detail/",
"ssmoshi": "1",
"sousuoshifouercijiequ": "0",
"jspic": "空",
"jsname": "空",
"jsid": "空",
"ssjiequqian": "空",
"ssjiequhou": "空",
"ssjiequshuzuqian": "class=\"uk-width-1-5",
"ssjiequshuzuhou": "</a>",
"sstupianqian": "src=\"",
"sstupianhou": "\"",
"ssbiaotiqian": "alt=\"",
"ssbiaotihou": "\"",
"sslianjieqian": "href=\"",
"sslianjiehou": "\"",
"bfshifouercijiequ": "0",
"bfjiequqian": "空",
"bfjiequhou": "空",
"bfjiequshuzuqian": "class=\"read-btn uk-margin-bottom",
"bfjiequshuzuhou": "</div>",
"zhuangtaiqian": "影片分类:<span>",
"zhuangtaihou": "</p>",
"daoyanqian": "更新时间:<span>",
"daoyanhou": "</p>",
"zhuyanqian": "class=\"data\">主演：",
"zhuyanhou": "</p>",
"juqingqian": "<h3",
"juqinghou": "</h3>",
"bfyshifouercijiequ": "0",
"bfyjiequqian": "空",
"bfyjiequhou": "空",
"bfyjiequshuzuqian": "<a",
"bfyjiequshuzuhou": "/a>",
"bfbiaotiqian": ">",
"bfbiaotihou": "<",
"bflianjieqian": "href=\"",
"bflianjiehou": "\""
}