{"name": "聚优国产传媒",
"url": "https://www.2024xxj.com",
"tihuan": "cnzz.com",
"User": "空",
"shouye": "0",
"fenlei": "麻豆原创$/?ju=gccm-gccmfl-1-#91制片厂$/?ju=gccm-gccmfl-2-#天美传媒$/?ju=gccm-gccmfl-3-#蜜桃传媒$/?ju=gccm-gccmfl-4-#港台三级$/?ju=gccm-gccmfl-17-#皇家华人$/?ju=gccm-gccmfl-5-#星空传媒$/?ju=gccm-gccmfl-6-#精东影业$/?ju=gccm-gccmfl-7-#乐播传媒$/?ju=gccm-gccmfl-8-#乌鸦传媒$/?ju=gccm-gccmfl-9-#兔子先生$/?ju=gccm-gccmfl-10-#杏吧原创$/?ju=gccm-gccmfl-11-#mini传媒$//?ju=gccm-gccmfl-12-#大象传媒$/?ju=gccm-gccmfl-13-#开心鬼传媒$/?ju=gccm-gccmfl-14-#PsychoPorn$/?ju=gccm-gccmfl-15-#糖心Vlgo$/?ju=gccm-gccmfl-16-",
"houzhui": ".html",
"shifouercijiequ": "0",
"jiequqian": "空",
"jiequhou": "空",
"jiequshuzuqian": "class=\"uk-width-1-5",
"jiequshuzuhou": "</a>",
"tupianqian": "data-original=\"",
"tupianhou": "\"",
"biaotiqian": "alt=\"",
"biaotihou": "\"",
"lianjieqian": "href=\"",
"lianjiehou": "\"",
"sousuoqian": "/?ju=search-type-so-0.html&TXT=",
"sousuohou": "&submit=",
"sousuohouzhui": "/detail/",
"ssmoshi": "1",
"sousuoshifouercijiequ": "0",
"jspic": "空",
"jsname": "空",
"jsid": "空",
"ssjiequqian": "空",
"ssjiequhou": "空",
"ssjiequshuzuqian": "class=\"uk-width-1-5",
"ssjiequshuzuhou": "</a>",
"sstupianqian": "src=\"",
"sstupianhou": "\"",
"ssbiaotiqian": "alt=\"",
"ssbiaotihou": "\"",
"sslianjieqian": "href=\"",
"sslianjiehou": "\"",
"bfshifouercijiequ": "0",
"bfjiequqian": "空",
"bfjiequhou": "空",
"bfjiequshuzuqian": "class=\"read-btn uk-margin-bottom",
"bfjiequshuzuhou": "</div>",
"zhuangtaiqian": "影片分类:<span>",
"zhuangtaihou": "</p>",
"daoyanqian": "更新时间:<span>",
"daoyanhou": "</p>",
"zhuyanqian": "class=\"data\">主演：",
"zhuyanhou": "</p>",
"juqingqian": "<h3",
"juqinghou": "</h3>",
"bfyshifouercijiequ": "0",
"bfyjiequqian": "空",
"bfyjiequhou": "空",
"bfyjiequshuzuqian": "<a",
"bfyjiequshuzuhou": "/a>",
"bfbiaotiqian": ">",
"bfbiaotihou": "<",
"bflianjieqian": "href=\"",
"bflianjiehou": "\""
}