{"name": "蓝豆TV",
"url": "http://landoutv.com",
"ua": "Mozilla/5.0 (Windows NT 10.0; Win64; x64) AppleWebKit/537.36 (KHTML, like Gecko) Chrome/88.0.4324.150 Safari/537.36",
"tihuan": "cnzz.com",
"User": "User-Agent:Dart/2.14 (dart:io)",
"直接播放": "0",
"列表显示": "0",
"横图显示": "0",
"fenlei": "电影$/index.php/vod/show/id/1/page/#电视剧$/index.php/vod/show/id/2/page/#综艺$/index.php/vod/show/id/3/page/#动漫$/index.php/vod/show/id/4/page/",
"houzhui": ".html",
"qishiye": "1",
"shifouercijiequ": "1",
"jiequqian": "class=\"module-items module-poster-items-base",
"jiequhou": "page",
"jiequshuzuqian": "<a",
"jiequshuzuhou": "alt=",
"tupianqian": "data-original=\"",
"tupianhou": "\"",
"tupianqianzhui": "空",
"biaotiqian": "title=\"",
"biaotihou": "\"",
"lianjieqian": "href=\"",
"lianjiehou": "\"",
"ljqianzhui": "空",
"ljhouzhui": "空",
"fubiaotiqian": "class=\"module-item-note\">",
"fubiaotihou": "</div>",
  "xlshifouercijiequ": "0",
  "xljiequqian": "",
  "xljiequhou": "",
  "xljiequshuzuqian": "class=\"module-tab-item tab-item",
  "xljiequshuzuhou": "</div>",
  "xlbiaotiqian": "<span>",
  "xlbiaotihou": "</span>",
"sousuoqian": "/index.php/ajax/suggest?mid=1&wd=",
"sousuohou": "&limit=500",
"sousuohouzhui": "/index.php/vod/detail/id/",
"ssmoshi": "0",
"sousuoshifouercijiequ": "0",
"jspic": "pic",
"jsname": "name",
"jsid": "id",
"ssjiequqian": "空",
"ssjiequhou": "空",
"ssjiequshuzuqian": "空",
"ssjiequshuzuhou": "空",
"sstupianqian": "空",
"sstupianhou": "空",
"sstupianqianzhui": "空",
"ssbiaotiqian": "空",
"ssbiaotihou": "空",
"sslianjieqian": "空",
"sslianjiehou": "空",
"ssljqianzhui": "空",
"ssljhouzhui": "空",
"bfshifouercijiequ": "0",
"bfjiequqian": "空",
"bfjiequhou": "空",
"bfjiequshuzuqian": "class=\"module-play-list",
"bfjiequshuzuhou": "</div>",
"zhuangtaiqian": "更新：</span>",
"zhuangtaihou": "</div>",
"daoyanqian": "导演：</span>",
"daoyanhou": "</div>",
"zhuyanqian": "主演：</span>",
"zhuyanhou": "</div>",
"juqingqian": "class=\"module-info-introduction-content\">",
"juqinghou": "</p>",
"bfyshifouercijiequ": "0",
"bfyjiequqian": "空",
"bfyjiequhou": "空",
"bfyjiequshuzuqian": "<a",
"bfyjiequshuzuhou": "/a>",
"bfbiaotiqian": "<span>",
"bfbiaotihou": "</span>",
"bflianjieqian": "href=\"",
"bflianjiehou": "\"",
"bfqianzhui": "",
"bfhouzhui": ""}