{"name": "蚂蚁4K",
"url": "https://mayi4k.com",
//"ua": "Mozilla/5.0 (Windows NT 10.0; Win64; x64) AppleWebKit/537.36 (KHTML, like Gecko) Chrome/88.0.4324.150 Safari/537.36",
"User": "空",
//"直接播放": "0",
//"列表显示": "0",
//"横图显示": "0",
"fenlei": "动作$/vodshow/256--------#喜剧$/vodshow/257--------#奇幻$/vodshow/255--------#惊悚$/vodshow/263--------#爱情$/vodshow/258--------#犯罪$/vodshow/259--------#科幻$/vodshow/260--------#悬疑$/vodshow/261--------#恐怖$/vodshow/262--------#剧情$/vodshow/264--------#纪录片$/vodshow/245--------#动画$/vodshow/248--------#剧集$/vodshow/247--------#演唱会$/vodshow/246--------",
"houzhui": "---.html",
"qishiye": "1",
"shifouercijiequ": "0",
"jiequqian": "空",
"jiequhou": "空",
"jiequshuzuqian": "class=\"module-item-pic",
"jiequshuzuhou": "</span>",
"tupianqian": "data-src=\"",
"tupianhou": "\"",
"tupianqianzhui": "空",
"biaotiqian": "title=\"",
"biaotihou": "\"",
"lianjieqian": "href=\"",
"lianjiehou": "\"",
"ljqianzhui": "空",
"fubiaotiqian": "class=\"module-item-text\">",
"fubiaotihou": "</div>",
"sousuohouzhui": "/d/",
"jspic": "pic",
"jsname": "name",
"jsid": "id",
"sousuoqian": "/vodsearch/-------------.html?wd=",
"sousuohou": "",
"ssmoshi": "1",
"sousuoshifouercijiequ": "0",
"ssjiequqian": "空",
"ssjiequhou": "空",
"ssjiequshuzuqian": "class=\"module-item-pic",
"ssjiequshuzuhou": "</div>",
"sstupianqian": "data-src=\"",
"sstupianhou": "\"",
"sstupianqianzhui": "https://mayi4k.com",
"ssbiaotiqian": "title=\"立刻下载",
"ssbiaotihou": "\"",
"sslianjieqian": "href=\"",
"sslianjiehou": "\"",
"ssljqianzhui": "空",
"bfshifouercijiequ": "0",
"bfjiequqian": "空",
"bfjiequhou": "空",
"bfjiequshuzuqian": "class=\"module-row-shortcuts",
"bfjiequshuzuhou": "</a>",
"zhuangtaiqian": "class=\"video-info-item\">",
"zhuangtaihou": "</div>",
"daoyanqian": "导演：</span>",
"daoyanhou": "</div>",
"zhuyanqian": "主演：</span>",
"zhuyanhou": "</div>",
"juqingqian": "class=\"video-info-item video-info-content vod_content\">",
"juqinghou": "</span>",
"bfyshifouercijiequ": "0",
"bfyjiequqian": "空",
"bfyjiequhou": "空",
"bfyjiequshuzuqian": "<a",
"bfyjiequshuzuhou": "><i",
"bfbiaotiqian": "title=\"下载",
"bfbiaotihou": "\"",
"bflianjieqian": "href=\"magnet:?xt=",
"bflianjiehou": "\"",
"bfqianzhui": "magnet:?xt="}