{
        "name": "速搜影视",
        "shouye": "1",
        "url": "https://www.sstv.pw",
        "fenlei": "电影$/vodshow-1/page/#剧集$/vodshow-2/page/#综艺$/vodshow-3/page/#动漫$/vodshow-4/page/#纪录片$/vodshow-21/page/",
        "houzhui": "",
        "shifouercijiequ": "0",
        "jiequqian": "空",
        "jiequhou": "空",
        "jiequshuzuqian": "class=\"aplus-exp ecimgbor",
        "jiequshuzuhou": "</a>",
        "tupianqian": "data-original=\"",
        "tupianhou": "\"",
        "tupianqianzhui": "",
        "biaotiqian": "title=\"",
        "biaotihou": "\"",
        "fubiaotiqian": "class=\"pack-prb hidden\">",
        "fubiaotihou": "</span>",
        "lianjieqian": "href=\"",
        "lianjiehou": "\"",
        "sousuoqian": "/index.php/ajax/suggest?mid=1&wd=",
        "sousuohou": "&limit=500",
        "sousuohouzhui": "/detail/",
        "ssmoshi": "0",
        "sousuoshifouercijiequ": "0",
        "jspic": "pic",
        "jsname": "name",
        "jsid": "id",
        "ssjiequqian": "空",
        "ssjiequhou": "空",
        "ssjiequshuzuqian": "空",
        "ssjiequshuzuhou": "空",
        "sstupianqian": "空",
        "sstupianhou": "空",
        "ssbiaotiqian": "空",
        "ssbiaotihou": "空",
        "sslianjieqian": "空",
        "sslianjiehou": "空",
        "bfshifouercijiequ": "0",
        "bfjiequqian": "空",
        "bfjiequhou": "空",
        "bfjiequshuzuqian": "class=\"content_playlist",
        "bfjiequshuzuhou": "</ul>",
        "zhuangtaiqian": "年代：</span>",
        "zhuangtaihou": "</a>",
        "daoyanqian": "导演：</span>",
        "daoyanhou": "</p>",
        "zhuyanqian": "演员：</span>",
        "zhuyanhou": "</p>",
        "juqingqian": "<span id=\"cText\">",
        "juqinghou": "<a",
        "bfyshifouercijiequ": "0",
        "bfyjiequqian": "空",
        "bfyjiequhou": "空",
        "bfyjiequshuzuqian": "<a",
        "bfyjiequshuzuhou": "/a>",
        "bfbiaotiqian": ">",
        "bfbiaotihou": "<",
        "bflianjieqian": "href=\"",
        "bflianjiehou": "\""
}