{
  "author":"张弘",
  "name":"9亿国语",
  "ua": "",
  "homeUrl": "http://www.9eguoyu.com/",
  "dcVipFlag": "true",
  "pCfgJs": "http://www.9eguoyu.com/static/js/playerconfig.js",
  "pCfgJsR": "[\\W|\\S|.]*?MacPlayerConfig.player_list[\\W|\\S|.]*?=([\\W|\\S|.]*?),MacPlayerConfig.downer_list",
  "dcShow2Vip": {},
  "dcPlayUrl": "true",
  "cateManual": {
    "电影": "dianying",
    "连续剧": "lianxuju",
    "综艺": "zongyi",
    "动漫": "dongman",
    "纪录片": "jilupian"
  },
  "homeVodNode": "//li[@class='col-lg-6 col-md-6 col-sm-4 col-xs-3']/div/a",
  "homeVodName": "/@title",
  "homeVodId": "/@href",
  "homeVodIdR": "/voddetail/(\\w+).html",
  "homeVodImg": "/@data-original",
  "homeVodImgR": "",
  "homeVodMark": "//span[contains(@class,'pic-text text-right')]/text()",
  "cateUrl": "http://www.9eguoyu.com/vodshow/{cateId}/area/{area}/by/{by}/class/{class}/lang/{lang}/letter/{letter}/year/{year}/page/{catePg}.html",
"cateVodNode": "//li[@class='col-lg-8 col-md-6 col-sm-4 col-xs-3']/div/a",
  "cateVodName": "/@title",
  "cateVodId": "/@href",
  "cateVodIdR": "/voddetail/(\\w+).html",
  "cateVodImg": "/@data-original",
  "cateVodImgR": "",
  "cateVodMark": "//span[contains(@class,'pic-text text-right')]/text()",
  "dtUrl": "http://www.9eguoyu.com/voddetail/{vid}.html",
  "dtNode": "//body",
  "dtName": "//div[@class='col-xs-1']/div[@class='myui-content__thumb']/a/@title",
  "dtNameR": "",
  "dtImg": "//div[@class='col-xs-1']/div[@class='myui-content__thumb']/a/img/@data-original",
  "dtImgR": "",
  "dtCate": "//span[contains(text(), '分类')]/following-sibling::a/text()",
  "dtYear": "//span[contains(text(), '年份')]/following-sibling::a/text()",
  "dtMark": "//span[contains(text(), '更新')]/following-sibling::*/text()",
  "dtMarkR": "",
  "dtDirector": "//span[contains(text(), '导演')]/following-sibling::a/text()",
  "dtActor": "//span[contains(text(), '主演')]/following-sibling::a/text()",
  "dtDesc": "//div[@class='col-pd text-collapse content']/p/text()",
  "dtFromNode": "//ul[@class='nav nav-tabs active']/li/a",
  "dtFromName": "/text()",
  "dtFromNameR": "",
  "dtUrlNode": "//ul[@class='myui-content__list scrollbar sort-list clearfix']",
  "dtUrlSubNode": "/li/a",
  "dtUrlId": "@href",
  "dtUrlIdR": "/vodplay/(\\S+).html",
  "dtUrlName": "/text()",
  "dtUrlNameR": "",
  "playUrl": "http://www.9eguoyu.com/vodplay/{playUrl}.html",
  "playUa": "",
  "searchUrl": "http://www.9eguoyu.com/index.php/ajax/suggest?mid=1&wd={wd}&limit=10",
  "scVodNode": "json:list",
  "scVodName": "name",
  "scVodId": "id",
  "scVodIdR": "",
  "scVodImg": "pic",
  "scVodMark": "",

          "filter":{
          "dianying":[
        {
          "key": "cateId",
          "name": "类型",
          "value": [
    {"n": "全部","v": "1"},
    {"n": "国语配音电影","v": "gypy"},
    {"n": "最近热播电影","v": "zuijinrebodianying"},
    {"n": "动作片","v": "dongzuopian"},
    {"n": "喜剧片","v": "xijupian"},
    {"n": "爱情片","v": "aiqingpian"},
    {"n": "恐怖片","v": "kongbupian"},
    {"n": "剧情片","v": "juqingpian"},
    {"n": "战争片","v": "zhanzhengpian"},
    {"n": "科幻片","v": "kehuanpian"}
          ]},
        {
          "key": "class",
          "name": "剧情",
          "value": [
    {"n": "全部","v": ""},
    {"n": "喜剧","v": "喜剧"},
    {"n": "爱情","v": "爱情"},
    {"n": "恐怖","v": "恐怖"},
    {"n": "动作","v": "动作"},
    {"n": "科幻","v": "科幻"},
    {"n": "剧情","v": "剧情"},
    {"n": "战争","v": "战争"},
    {"n": "警匪","v": "警匪"},
    {"n": "犯罪","v": "犯罪"},
    {"n": "动画","v": "动画"},
    {"n": "奇幻","v": "奇幻"},
    {"n": "武侠","v": "武侠"},
    {"n": "冒险","v": "冒险"},
    {"n": "枪战","v": "枪战"},
    {"n": "悬疑","v": "悬疑"},
    {"n": "惊悚","v": "惊悚"},
    {"n": "经典","v": "经典"},
    {"n": "青春","v": "青春"},
    {"n": "文艺","v": "文艺"},
    {"n": "微电影","v": "微电影"},
    {"n": "古装","v": "古装"},
    {"n": "历史","v": "历史"},
    {"n": "运动","v": "运动"},
    {"n": "农村","v": "农村"},
    {"n": "儿童","v": "儿童"},
    {"n": "网络电影","v": "网络电影"}
          ]},
        {
          "key": "area",
          "name": "地区",
          "value": [
    {"n": "全部","v": ""},
    {"n": "中国大陆","v": "中国大陆"},
    {"n": "中国香港","v": "中国香港"},
    {"n": "中国台湾","v": "中国台湾"},
    {"n": "美国","v": "美国"},
    {"n": "韩国","v": "韩国"},
    {"n": "法国","v": "法国"},
    {"n": "英国","v": "英国"},
    {"n": "日本","v": "日本"},
    {"n": "德国","v": "德国"},
    {"n": "泰国","v": "泰国"},
    {"n": "印度","v": "印度"},
    {"n": "意大利","v": "意大利"},
    {"n": "西班牙","v": "西班牙"},
    {"n": "加拿大","v": "加拿大"},
    {"n": "其他","v": "其他"},
    {"n": "热门","v": "热门"}
          ]},
        {
          "key": "year",
          "name": "年份",
          "value": [
    {"n": "全部","v": ""},
    {"n": "2022","v": "2022"},
    {"n": "2021","v": "2021"},
    {"n": "2020","v": "2020"},
    {"n": "2019","v": "2019"},
    {"n": "2018","v": "2018"},
    {"n": "2017","v": "2017"},
    {"n": "2016","v": "2016"},
    {"n": "2015","v": "2015"},
    {"n": "2014","v": "2014"},
    {"n": "2013","v": "2013"},
    {"n": "2012","v": "2012"},
    {"n": "2011","v": "2011"},
    {"n": "2010","v": "2010"},
    {"n": "2009","v": "2009"},
    {"n": "2008","v": "2008"},
    {"n": "2007","v": "2007"},
    {"n": "2006","v": "2006"},
    {"n": "2005","v": "2005"},
    {"n": "2004","v": "2004"}
          ]},
        {
          "key": "lang",
          "name": "语言",
          "value": [
    {"n": "全部","v": ""},
    {"n": "国语","v": "国语"},
    {"n": "英语","v": "英语"},
    {"n": "粤语","v": "粤语"},
    {"n": "闽南语","v": "闽南语"},
    {"n": "韩语","v": "韩语"},
    {"n": "日语","v": "日语"},
    {"n": "法语","v": "法语"},
    {"n": "德语","v": "德语"},
    {"n": "热门","v": "热门"}
          ]},
        {
          "key": "letter",
          "name": "字母",
          "value": [
    {"n": "A","v": "A"},
    {"n": "B","v": "B"},
    {"n": "C","v": "C"},
    {"n": "D","v": "D"},
    {"n": "E","v": "E"},
    {"n": "F","v": "F"},
    {"n": "G","v": "G"},
    {"n": "H","v": "H"},
    {"n": "I","v": "I"},
    {"n": "J","v": "J"},
    {"n": "K","v": "K"},
    {"n": "L","v": "L"},
    {"n": "M","v": "M"},
    {"n": "N","v": "N"},
    {"n": "O","v": "O"},
    {"n": "P","v": "P"},
    {"n": "Q","v": "Q"},
    {"n": "R","v": "R"},
    {"n": "S","v": "S"},
    {"n": "T","v": "T"},
    {"n": "U","v": "U"},
    {"n": "V","v": "V"},
    {"n": "W","v": "W"},
    {"n": "X","v": "X"},
    {"n": "Y","v": "Y"},
    {"n": "Z","v": "Z"},
    {"n": "0-9","v": "0-9"}
          ]},
        {
          "key": "by",
          "name": "排序",
          "value": [
    {"n": "全部","v": ""},
    {"n": "时间","v": "time"},
    {"n": "人气","v": "hits"},
    {"n": "评分","v": "score"}
          ]}
        ],
      "lianxuju":[
        {
          "key": "cateId",
          "name": "类型",
          "value": [
    {"n": "全部","v": "2"},
    {"n": "最近热播电视剧","v": "zuijinrebodianshiju"},
    {"n": "国语配音剧集","v": "guoyupeiyinhanju"},
    {"n": "热播美剧","v": "rebomeiju"},
    {"n": "热播日韩剧","v": "reborihanju"},
    {"n": "国产剧","v": "guochanju"},
    {"n": "港台剧","v": "gangtaiju"},
    {"n": "日韩剧","v": "rihanju"},
    {"n": "欧美剧","v": "oumeiju"}
          ]},
        {
          "key": "class",
          "name": "剧情",
          "value": [
    {"n": "全部","v": ""},
    {"n": "爱情","v": "爱情"},
    {"n": "古装","v": "古装"},
    {"n": "战争","v": "战争"},
    {"n": "青春偶像","v": "青春偶像"},
    {"n": "喜剧","v": "喜剧"},
    {"n": "家庭","v": "家庭"},
    {"n": "犯罪","v": "犯罪"},
    {"n": "动作","v": "动作"},
    {"n": "奇幻","v": "奇幻"},
    {"n": "剧情","v": "剧情"},
    {"n": "历史","v": "历史"},
    {"n": "经典","v": "经典"},
    {"n": "乡村","v": "乡村"},
    {"n": "情景","v": "情景"},
    {"n": "商战","v": "商战"},
    {"n": "网剧","v": "网剧"},
    {"n": "其他","v": "其他"}
          ]},
        {
          "key": "area",
          "name": "地区",
          "value": [
    {"n": "全部","v": ""},
    {"n": "中国大陆","v": "中国大陆"},
    {"n": "韩国","v": "韩国"},
    {"n": "香港","v": "香港"},
    {"n": "台湾","v": "台湾"},
    {"n": "日本","v": "日本"},
    {"n": "美国","v": "美国"},
    {"n": "泰国","v": "泰国"},
    {"n": "英国","v": "英国"},
    {"n": "新加坡","v": "新加坡"},
    {"n": "其他","v": "其他"}
          ]},
        {
          "key": "lang",
          "name": "语言",
          "value": [
    {"n": "全部","v": ""},
    {"n": "国语","v": "国语"},
    {"n": "英语","v": "英语"},
    {"n": "粤语","v": "粤语"},
    {"n": "闽南语","v": "闽南语"},
    {"n": "韩语","v": "韩语"},
    {"n": "日语","v": "日语"},
    {"n": "其他","v": "其他"}
          ]},
        {
          "key": "year",
          "name": "年份",
          "value": [
    {"n": "全部","v": ""},
    {"n": "2022","v": "2022"},
    {"n": "2021","v": "2021"},
    {"n": "2020","v": "2020"},
    {"n": "2019","v": "2019"},
    {"n": "2018","v": "2018"},
    {"n": "2017","v": "2017"},
    {"n": "2016","v": "2016"},
    {"n": "2015","v": "2015"},
    {"n": "2014","v": "2014"},
    {"n": "2013","v": "2013"},
    {"n": "2012","v": "2012"},
    {"n": "2011","v": "2011"},
    {"n": "2010","v": "2010"},
    {"n": "2009","v": "2009"},
    {"n": "2008","v": "2008"},
    {"n": "2007","v": "2007"},
    {"n": "2006","v": "2006"},
    {"n": "2005","v": "2005"},
    {"n": "2004","v": "2004"}
          ]},
        {
          "key": "lang",
          "name": "语言",
          "value": [
    {"n": "全部","v": ""},
    {"n": "国语","v": "国语"},
    {"n": "英语","v": "英语"},
    {"n": "粤语","v": "粤语"},
    {"n": "闽南语","v": "闽南语"},
    {"n": "韩语","v": "韩语"},
    {"n": "日语","v": "日语"},
    {"n": "其他","v": "其他"}
          ]},
        {
          "key": "letter",
          "name": "字母",
          "value": [
    {"n": "A","v": "A"},
    {"n": "B","v": "B"},
    {"n": "C","v": "C"},
    {"n": "D","v": "D"},
    {"n": "E","v": "E"},
    {"n": "F","v": "F"},
    {"n": "G","v": "G"},
    {"n": "H","v": "H"},
    {"n": "I","v": "I"},
    {"n": "J","v": "J"},
    {"n": "K","v": "K"},
    {"n": "L","v": "L"},
    {"n": "M","v": "M"},
    {"n": "N","v": "N"},
    {"n": "O","v": "O"},
    {"n": "P","v": "P"},
    {"n": "Q","v": "Q"},
    {"n": "R","v": "R"},
    {"n": "S","v": "S"},
    {"n": "T","v": "T"},
    {"n": "U","v": "U"},
    {"n": "V","v": "V"},
    {"n": "W","v": "W"},
    {"n": "X","v": "X"},
    {"n": "Y","v": "Y"},
    {"n": "Z","v": "Z"},
    {"n": "0-9","v": "0-9"}
          ]},
        {
          "key": "by",
          "name": "排序",
          "value": [
    {"n": "全部","v": ""},
    {"n": "时间","v": "time"},
    {"n": "人气","v": "hits"},
    {"n": "评分","v": "score"}
          ]}
        ],
      "zongyi":[
        {
          "key": "cateId",
          "name": "类型",
          "value": [
    {"n": "全部","v": "3"},
    {"n": "纪录片","v": "jilupian"},
    {"n": "热门综艺","v": "remenzongyi"}
          ]},
        {
          "key": "class",
          "name": "剧情",
          "value": [
    {"n": "全部","v": ""},
    {"n": "纪录片","v": "纪录片"},
    {"n": "选秀","v": "选秀"},
    {"n": "情感","v": "情感"},
    {"n": "访谈","v": "访谈"},
    {"n": "播报","v": "播报"},
    {"n": "旅游","v": "旅游"},
    {"n": "音乐","v": "音乐"},
    {"n": "美食","v": "美食"},
    {"n": "纪实","v": "奇幻"},
    {"n": "曲艺","v": "曲艺"},
    {"n": "生活","v": "生活"},
    {"n": "游戏互动","v": "游戏互动"},
    {"n": "财经","v": "财经"}
          ]},
        {
          "key": "area",
          "name": "地区",
          "value": [
    {"n": "全部","v": ""},
    {"n": "中国大陆","v": "中国大陆"},
    {"n": "大陆","v": "大陆"},
    {"n": "港台","v": "港台"},
    {"n": "日韩","v": "日韩"},
    {"n": "日本","v": "日本"},
    {"n": "欧美","v": "欧美"}
          ]},
        {
          "key": "year",
          "name": "年份",
          "value": [
    {"n": "全部","v": ""},
    {"n": "2022","v": "2022"},
    {"n": "2021","v": "2021"},
    {"n": "2020","v": "2020"},
    {"n": "2019","v": "2019"},
    {"n": "2018","v": "2018"},
    {"n": "2017","v": "2017"},
    {"n": "2016","v": "2016"},
    {"n": "2015","v": "2015"},
    {"n": "2014","v": "2014"},
    {"n": "2013","v": "2013"},
    {"n": "2012","v": "2012"},
    {"n": "2011","v": "2011"},
    {"n": "2010","v": "2010"},
    {"n": "2009","v": "2009"},
    {"n": "2008","v": "2008"},
    {"n": "2007","v": "2007"},
    {"n": "2006","v": "2006"},
    {"n": "2005","v": "2005"},
    {"n": "2004","v": "2004"}
          ]},
        {
          "key": "lang",
          "name": "语言",
          "value": [
    {"n": "全部","v": ""},
    {"n": "国语","v": "国语"},
    {"n": "英语","v": "英语"},
    {"n": "粤语","v": "粤语"},
    {"n": "闽南语","v": "闽南语"},
    {"n": "韩语","v": "韩语"},
    {"n": "日语","v": "日语"},
    {"n": "其它","v": "其它"}
          ]},
        {
          "key": "letter",
          "name": "字母",
          "value": [
    {"n": "A","v": "A"},
    {"n": "B","v": "B"},
    {"n": "C","v": "C"},
    {"n": "D","v": "D"},
    {"n": "E","v": "E"},
    {"n": "F","v": "F"},
    {"n": "G","v": "G"},
    {"n": "H","v": "H"},
    {"n": "I","v": "I"},
    {"n": "J","v": "J"},
    {"n": "K","v": "K"},
    {"n": "L","v": "L"},
    {"n": "M","v": "M"},
    {"n": "N","v": "N"},
    {"n": "O","v": "O"},
    {"n": "P","v": "P"},
    {"n": "Q","v": "Q"},
    {"n": "R","v": "R"},
    {"n": "S","v": "S"},
    {"n": "T","v": "T"},
    {"n": "U","v": "U"},
    {"n": "V","v": "V"},
    {"n": "W","v": "W"},
    {"n": "X","v": "X"},
    {"n": "Y","v": "Y"},
    {"n": "Z","v": "Z"},
    {"n": "0-9","v": "0-9"}
          ]},
        {
          "key": "by",
          "name": "排序",
          "value": [
    {"n": "全部","v": ""},
    {"n": "时间","v": "time"},
    {"n": "人气","v": "hits"},
    {"n": "评分","v": "score"}
          ]}
        ],
      "dongman":[
        {
          "key": "cateId",
          "name": "类型",
          "value": [
    {"n": "全部","v": "4"},
    {"n": "热播动漫","v": "rebodongman"},
    {"n": "国语配音动漫","v": "guoyupeiyindongman"}
          ]},
        {
          "key": "class",
          "name": "剧情",
          "value": [
    {"n": "全部","v": ""},
    {"n": "情感","v": "情感"},
    {"n": "科幻","v": "科幻"},
    {"n": "热血","v": "热血"},
    {"n": "推理","v": "推理"},
    {"n": "搞笑","v": "搞笑"},
    {"n": "冒险","v": "冒险"},
    {"n": "萝莉","v": "萝莉"},
    {"n": "校园","v": "校园"},
    {"n": "动作","v": "动作"},
    {"n": "机战","v": "机战"},
    {"n": "运动","v": "运动"},
    {"n": "战争","v": "战争"},
    {"n": "少年","v": "少年"},
    {"n": "少女","v": "少女"},
    {"n": "社会","v": "社会"},
    {"n": "原创","v": "原创"},
    {"n": "亲子","v": "亲子"},
    {"n": "益智","v": "益智"},
    {"n": "励志","v": "励志"},
    {"n": "其他","v": "其他"}
          ]},
        {
          "key": "area",
          "name": "地区",
          "value": [
    {"n": "全部","v": ""},
    {"n": "国产","v": "国产"},
    {"n": "日本","v": "日本"},
    {"n": "欧美","v": "欧美"},
    {"n": "其他","v": "其他"}
          ]},
        {
          "key": "year",
          "name": "年份",
          "value": [
    {"n": "全部","v": ""},
    {"n": "2022","v": "2022"},
    {"n": "2021","v": "2021"},
    {"n": "2020","v": "2020"},
    {"n": "2019","v": "2019"},
    {"n": "2018","v": "2018"},
    {"n": "2017","v": "2017"},
    {"n": "2016","v": "2016"},
    {"n": "2015","v": "2015"},
    {"n": "2014","v": "2014"},
    {"n": "2013","v": "2013"},
    {"n": "2012","v": "2012"},
    {"n": "2011","v": "2011"},
    {"n": "2010","v": "2010"},
    {"n": "2009","v": "2009"},
    {"n": "2008","v": "2008"},
    {"n": "2007","v": "2007"},
    {"n": "2006","v": "2006"},
    {"n": "2005","v": "2005"},
    {"n": "2004","v": "2004"}
          ]},
        {
          "key": "lang",
          "name": "语言",
          "value": [
    {"n": "全部","v": ""},
    {"n": "国语","v": "国语"},
    {"n": "英语","v": "英语"},
    {"n": "粤语","v": "粤语"},
    {"n": "闽南语","v": "闽南语"},
    {"n": "韩语","v": "韩语"},
    {"n": "日语","v": "日语"},
    {"n": "其它","v": "其它"}
          ]},
        {
          "key": "letter",
          "name": "字母",
          "value": [
    {"n": "A","v": "A"},
    {"n": "B","v": "B"},
    {"n": "C","v": "C"},
    {"n": "D","v": "D"},
    {"n": "E","v": "E"},
    {"n": "F","v": "F"},
    {"n": "G","v": "G"},
    {"n": "H","v": "H"},
    {"n": "I","v": "I"},
    {"n": "J","v": "J"},
    {"n": "K","v": "K"},
    {"n": "L","v": "L"},
    {"n": "M","v": "M"},
    {"n": "N","v": "N"},
    {"n": "O","v": "O"},
    {"n": "P","v": "P"},
    {"n": "Q","v": "Q"},
    {"n": "R","v": "R"},
    {"n": "S","v": "S"},
    {"n": "T","v": "T"},
    {"n": "U","v": "U"},
    {"n": "V","v": "V"},
    {"n": "W","v": "W"},
    {"n": "X","v": "X"},
    {"n": "Y","v": "Y"},
    {"n": "Z","v": "Z"},
    {"n": "0-9","v": "0-9"}
          ]},
        {
          "key": "by",
          "name": "排序",
          "value": [
    {"n": "全部","v": ""},
    {"n": "时间","v": "time"},
    {"n": "人气","v": "hits"},
    {"n": "评分","v": "score"}
          ]}
        ],
      "jilupian":[
        {
          "key": "class",
          "name": "剧情",
          "value": [
    {"n": "全部","v": "3"},
    {"n": "人文历史","v": "人文历史"},
    {"n": "军事","v": "军事"},
    {"n": "探索","v": "探索"},
    {"n": "社会","v": "社会"},
    {"n": "自然","v": "自然"},
    {"n": "旅游","v": "旅游"},
    {"n": "科学","v": "科学"},
    {"n": "其他","v": "其他"}
          ]},
        {
          "key": "area",
          "name": "地区",
          "value": [
    {"n": "全部","v": ""},
    {"n": "中国大陆","v": "中国大陆"},
    {"n": "大陆","v": "大陆"},
    {"n": "港台","v": "港台"},
    {"n": "日韩","v": "日韩"},
    {"n": "欧美","v": "欧美"}
          ]},
        {
          "key": "year",
          "name": "年份",
          "value": [
    {"n": "全部","v": ""},
    {"n": "2022","v": "2022"},
    {"n": "2021","v": "2021"},
    {"n": "2020","v": "2020"},
    {"n": "2019","v": "2019"},
    {"n": "2018","v": "2018"},
    {"n": "2017","v": "2017"},
    {"n": "2016","v": "2016"},
    {"n": "2015","v": "2015"},
    {"n": "2014","v": "2014"},
    {"n": "2013","v": "2013"},
    {"n": "2012","v": "2012"},
    {"n": "2011","v": "2011"},
    {"n": "2010","v": "2010"},
    {"n": "2009","v": "2009"},
    {"n": "2008","v": "2008"},
    {"n": "2007","v": "2007"},
    {"n": "2006","v": "2006"},
    {"n": "2005","v": "2005"},
    {"n": "2004","v": "2004"}
          ]},
        {
          "key": "lang",
          "name": "语言",
          "value": [
    {"n": "全部","v": ""},
    {"n": "国语","v": "国语"},
    {"n": "英语","v": "英语"},
    {"n": "粤语","v": "粤语"},
    {"n": "闽南语","v": "闽南语"},
    {"n": "韩语","v": "韩语"},
    {"n": "日语","v": "日语"},
    {"n": "其他","v": "其他"}
          ]},
        {
          "key": "letter",
          "name": "字母",
          "value": [
    {"n": "A","v": "A"},
    {"n": "B","v": "B"},
    {"n": "C","v": "C"},
    {"n": "D","v": "D"},
    {"n": "E","v": "E"},
    {"n": "F","v": "F"},
    {"n": "G","v": "G"},
    {"n": "H","v": "H"},
    {"n": "I","v": "I"},
    {"n": "J","v": "J"},
    {"n": "K","v": "K"},
    {"n": "L","v": "L"},
    {"n": "M","v": "M"},
    {"n": "N","v": "N"},
    {"n": "O","v": "O"},
    {"n": "P","v": "P"},
    {"n": "Q","v": "Q"},
    {"n": "R","v": "R"},
    {"n": "S","v": "S"},
    {"n": "T","v": "T"},
    {"n": "U","v": "U"},
    {"n": "V","v": "V"},
    {"n": "W","v": "W"},
    {"n": "X","v": "X"},
    {"n": "Y","v": "Y"},
    {"n": "Z","v": "Z"},
    {"n": "0-9","v": "0-9"}
          ]},
        {
          "key": "by",
          "name": "排序",
          "value": [
    {"n": "全部","v": "3"},
    {"n": "时间","v": "time"},
    {"n": "人气","v": "hits"},
    {"n": "评分","v": "score"}
          ]}
      ]
    }
  }
