{
  "ua": "",
  "homeUrl": "https://www.czspp.com",
  "cateNode": "//ul[@class='navlist hidden-md-and-down']/li[contains(@id,'menu-item') and not (contains(@id,'33'))]/a",
  "cateName": "/text()",
  "cateId": "/@href",
  "cateIdR": "(\\w+)",
  "cateManual": {
    "本月热门":"benyueremen",
    "高分影视":"gaofenyingshi",
    "豆瓣电影TOP250": "dbtop250",
    "最新电影": "zuixindianying",
    "电影": "movie_bt_series/dyy",
    "电视剧": "movie_bt_series/dianshiju"
  },
  
  "homeVodNode": "//div[contains(@class,'bt_img mi_ne_kd')]/ul/li/a",
  "homeVodName": "/following-sibling::h3/a/text()",
  "homeVodId": "/@href",
  "homeVodIdR": "/movie/(\\w+).html",
  "homeVodImg": "/img/@data-original",
  "homeVodImgR": "\\S+(http\\S+)",
  "homeVodMark": "/div/span/text()",
  
  "cateUrl": "https://www.czspp.com/{cateId}/page/{catePg}",
  "cateVodNode": "//div[@class='bt_img mi_ne_kd mrb']/ul/li/a",
  "cateVodName": "/following-sibling::h3/a/text()",
  "cateVodId": "/@href",
  "cateVodIdR": "/movie/(\\w+).html",
  "cateVodImg": "/img/@data-original",
  "cateVodImgR": "\\S+(http\\S+)",
  "cateVodMark": "/div/span/text()",
  
  "dtUrl": "https://www.czspp.com/movie/{vid}.html",
  "dtNode": "//div[@class='mi_ne_kd dypre']",
  "dtName": "/div[@class='dytext fl']/div/h1/text()",
  "dtNameR": "/movie/(\\w+).html",
  "dtImg": "/div[@class='dyimg fl']/img/@src",
  "dtImgR": "\\S+(http\\S+)",
  "dtCate": "/div[@class='dytext fl']/ul/li[contains(text(),'类型')]/a/text()",
  "dtCateR": "",
  "dtYear": "/div[@class='dytext fl']/ul/li[contains(text(),'年份')]/a/text()",
  "dtYearR": "",
  "dtArea": "/div[@class='dytext fl']/ul/li[contains(text(),'地区')]/a/text()",
  "dtAreaR": "",
  "dtMark": "",
  "dtMarkR": "",
  "dtActor": "/div[@class='dytext fl']/ul/li[contains(text(),'主演')]/a/text()",
  "dtActorR": "",
  "dtDirector": "/div[@class='dytext fl']/ul/li[contains(text(),'导演')/a/text()",
  "dtDirectorR": "",
  "dtDesc": "",
  "dtDescR": "",
  
  "dtFromNode": "//div[@class='mi_paly_box']/div[@class='mi_ne_kd']",
  "dtFromName": "/div[@class='ypxingq_t']/text()",
  "dtFromNameR": "",
  "dtUrlNode": "//div[@class='paly_list_btn']",
  "dtUrlSubNode": "/a",
  "dtUrlId": "@href",
  "dtUrlIdR": "/v_play/(\\S+).html",
  "dtUrlName": "/text()",
  "dtUrlNameR": "",
  "playUrl": "https://www.czspp.com/v_play/{playUrl}.html",
  "playUa": "",
  
  "searchUrl": "https://www.czspp.com/xssearch?q={wd}",
  "scVodNode": "//div[@class='bt_img mi_ne_kd search_list']/ul/li/a",
  "scVodName": "/img/@alt",
  "scVodId": "/@href",
  "scVodIdR": "/movie/(\\w+).html",
  "scVodImg": "/img/@src",
  "scVodMark": "/div[@class='jidi']/span/text()",
  
     "filter":{
      "movie_bt_series/dyy":[
        {
          "key": "cateId",
          "name": "类型",
          "value": [
            {"n": "全部类型","v": "movie_bt_series/dyy"},
            {"n": "国语","v": "movie_bt_series/huayudianying"},
            {"n": "韩国","v": "movie_bt_series/hanguodianying"},
            {"n": "日本","v": "movie_bt_series/ribendianying"},
            {"n": "美国","v": "movie_bt_series/meiguodianying"},
            {"n": "英国","v": "movie_bt_series/yingguodianying"},
            {"n": "法国","v": "movie_bt_series/faguodianying"},
            {"n": "俄罗斯","v": "movie_bt_series/eluosidianying"},
            {"n": "加拿大","v": "movie_bt_series/jianadadianying"},
            {"n": "印度","v": "movie_bt_series/yindudianying"},
            {"n": "传记","v": "movie_bt_tags/chuanji/movie_bt_series/dyy"},
            {"n": "儿童","v": "movie_bt_tags/etet/movie_bt_series/dyy"},
            {"n": "冒险","v": "movie_bt_tags/maoxian/movie_bt_series/dyy"},
            {"n": "剧情","v": "movie_bt_tags/juqing/movie_bt_series/dyy"},
            {"n": "动作","v": "movie_bt_tags/dozuo/movie_bt_series/dyy"},
            {"n": "动漫","v": "movie_bt_tags/doman/movie_bt_series/dyy"},
            {"n": "动画","v": "movie_bt_tags/dhh/movie_bt_series/dyy"},
            {"n": "历史","v": "movie_bt_tags/lishi/movie_bt_series/dyy"},
            {"n": "古装","v": "movie_bt_tags/guzhuang/movie_bt_series/dyy"},
            {"n": "同性","v": "movie_bt_tags/tongxing/movie_bt_series/dyy"},
            {"n": "喜剧","v": "movie_bt_tags/xiju/movie_bt_series/dyy"},
            {"n": "奇幻","v": "movie_bt_tags/qihuan/movie_bt_series/dyy"},
            {"n": "家庭","v": "movie_bt_tags/jiating/movie_bt_series/dyy"},
            {"n": "恐怖","v": "movie_bt_tags/kubu/movie_bt_series/dyy"},
            {"n": "悬疑","v": "movie_bt_tags/xuanyi/movie_bt_series/dyy"},
            {"n": "情色","v": "movie_bt_tags/qingse/movie_bt_series/dyy"},
            {"n": "惊悚","v": "movie_bt_tags/kingsong/movie_bt_series/dyy"},
            {"n": "战争","v": "movie_bt_tags/zhanzhen/movie_bt_series/dyy"},
            {"n": "歌舞","v": "movie_bt_tags/gw/movie_bt_series/dyy"},
            {"n": "武侠","v": "movie_bt_tags/wuxia/movie_bt_series/dyy"},
            {"n": "灾难","v": "movie_bt_tags/zainan/movie_bt_series/dyy"},
            {"n": "爱情","v": "movie_bt_tags/aiqing/movie_bt_series/dyy"},
            {"n": "犯罪","v": "movie_bt_tags/fanzui/movie_bt_series/dyy"},
            {"n": "短片","v": "movie_bt_tags/dp/movie_bt_series/dyy"},
            {"n": "科幻","v": "movie_bt_tags/kh/movie_bt_series/dyy"},
            {"n": "纪录片","v": "movie_bt_tags/jlpp/movie_bt_series/dyy"},
            {"n": "西部","v": "movie_bt_tags/xb/movie_bt_series/dyy"},
            {"n": "运动","v": "movie_bt_tags/yd/movie_bt_series/dyy"},
            {"n": "音乐","v": "movie_bt_tags/yy/movie_bt_series/dyy"}
          ]}
          ], 
      "movie_bt_series/dianshiju":[
        {
          "key": "cateId",
          "name": "类型",
          "value": [
            {"n": "全部类型","v": "movie_bt_series/dianshiju"},
            {"n": "国产","v": "movie_bt_series/guochanju"},
            {"n": "香港","v": "movie_bt_series/gj"},
            {"n": "台湾","v": "movie_bt_series/tj"},
            {"n": "日本","v": "movie_bt_series/rj"},
            {"n": "韩国","v": "movie_bt_series/hj"},
            {"n": "美国","v": "movie_bt_series/mj"},
            {"n": "海外","v": "movie_bt_series/hwj"},
            {"n": "传记","v": "movie_bt_tags/chuanji/movie_bt_series/dianshiju"},
            {"n": "儿童","v": "movie_bt_tags/etet/movie_bt_series/dianshiju"},
            {"n": "冒险","v": "movie_bt_tags/maoxian/movie_bt_series/dianshiju"},
            {"n": "剧情","v": "movie_bt_tags/juqing/movie_bt_series/dianshiju"},
            {"n": "动作","v": "movie_bt_tags/dozuo/movie_bt_series/dianshiju"},
            {"n": "动漫","v": "movie_bt_tags/doman/movie_bt_series/dianshiju"},
            {"n": "动画","v": "movie_bt_tags/dhh/movie_bt_series/dianshiju"},
            {"n": "历史","v": "movie_bt_tags/lishi/movie_bt_series/dianshiju"},
            {"n": "古装","v": "movie_bt_tags/guzhuang/movie_bt_series/dianshiju"},
            {"n": "同性","v": "movie_bt_tags/tongxing/movie_bt_series/dianshiju"},
            {"n": "喜剧","v": "movie_bt_tags/xiju/movie_bt_series/dianshiju"},
            {"n": "奇幻","v": "movie_bt_tags/qihuan/movie_bt_series/dianshiju"},
            {"n": "家庭","v": "movie_bt_tags/jiating/movie_bt_series/dianshiju"},
            {"n": "恐怖","v": "movie_bt_tags/kubu/movie_bt_series/dianshiju"},
            {"n": "悬疑","v": "movie_bt_tags/xuanyi/movie_bt_series/dianshiju"},
            {"n": "情色","v": "movie_bt_tags/qingse/movie_bt_series/dianshiju"},
            {"n": "惊悚","v": "movie_bt_tags/kingsong/movie_bt_series/dianshiju"},
            {"n": "战争","v": "movie_bt_tags/zhanzhen/movie_bt_series/dianshiju"},
            {"n": "歌舞","v": "movie_bt_tags/gw/movie_bt_series/dianshiju"},
            {"n": "武侠","v": "movie_bt_tags/wuxia/movie_bt_series/dianshiju"},
            {"n": "灾难","v": "movie_bt_tags/zainan/movie_bt_series/dianshiju"},
            {"n": "爱情","v": "movie_bt_tags/aiqing/movie_bt_series/dianshiju"},
            {"n": "犯罪","v": "movie_bt_tags/fanzui/movie_bt_series/dianshiju"},
            {"n": "真人秀","v": "movie_bt_tags/zrx/movie_bt_series/dianshiju"},
            {"n": "短片","v": "movie_bt_tags/dp/movie_bt_series/dianshiju"},
            {"n": "科幻","v": "movie_bt_tags/kh/movie_bt_series/dianshiju"},
            {"n": "纪录片","v": "movie_bt_tags/jlpp/movie_bt_series/dianshiju"},
            {"n": "西部","v": "movie_bt_tags/xb/movie_bt_series/dianshiju"},
            {"n": "运动","v": "movie_bt_tags/yd/movie_bt_series/dianshiju"},
            {"n": "音乐","v": "movie_bt_tags/yy/movie_bt_series/dianshiju"}]}]}}