{
    "author": "张弘",
    "ua": "",
    "homeUrl": "https://m.doujiaow5.com/",
    "dcVipFlag": "true",
    "dcPlayUrl": "true",
    "cateManual": {
        "电影": "1",
        "电视剧": "2",
        "视频大全": "25",
        "动漫": "4",
        "综艺": "3"
    },
    "homeVodNode": "//div[@class='con']/a",
    "homeVodName": "/@title",
    "homeVodId": "/@href",
    "homeVodIdR": "/vodhtml/(\\w+)/",
    "homeVodImg": "//@data-src",
    "homeVodImgR": "",
    "homeVodMark": "//em/text()",
    "cateUrl": "https://m.doujiaow5.com/index.php?m=vod-list-id-{cateId}-pg-{catePg}-order--by-{by}-class-{class}-year-{year}-letter--area-{area}-lang-.html/page/.html",
    "cateVodNode": "//div[@class='con']/a",
    "cateVodName": "/@title",
    "cateVodId": "/@href",
    "cateVodIdR": "/vodhtml/(\\w+)/",
    "cateVodImg": "//@data-src",
    "cateVodImgR": "",
    "cateVodMark": "//em/text()",
    "dtUrl": "https://m.doujiaow5.com/vodhtml/{vid}/",
    "dtNode": "//section[@class='main']",
    "dtName": "//h1/text()",
    "dtNameR": "",
    "dtImg": "//div[@class='posterPic']/a//@src",
    "dtImgR": "",
    "dtCate": "//p[@class='pBottom']/span[4]/text()",
    "dtCateR": "类型/评分：(.*)",
    "dtYear": "//p[@class='pBottom']/span[3]/text()",
    "dtYearR": "地区/年代：\\S+ / (\\S+)",
    "dtArea": "//p[@class='pBottom']/span[3]/text()",
    "dtAreaR": "地区/年代：(\\S+) / \\S+",
    "dtDirector": "//p[@class='pBottom']/span[5]/text()",
    "dtDirectorR": "导演：(\\S+)",
    "dtActor": "//p[@class='pBottom']/span[6]/text()",
    "dtActorR": "主演：(\\S+)",
    "dtDesc": "//div[@class='tabCon']/p[2]/text()",
    "dtDescR": "剧情:(.*)",
    "dtFromNode": "//dt[@class='tabt3']/span[@id and and not(contains(text(),'迅雷')) and not(contains(text(),'百度'))]",
    "dtFromName": "/text()",
    "dtFromNameR": "",
    "dtUrlNode": "//ul[contains(@class,'ulNumList')]",
    "dtUrlSubNode": "/li/a",
    "dtUrlId": "@href",
    "dtUrlIdR": "/vodplayhtml/(\\S+)",
    "dtUrlName": "/text()",
    "dtUrlNameR": "",
    "playUrl": "https://m.doujiaow5.com/vodplayhtml/{playUrl}.html",
    "playUa": "",
    "searchUrl": "https://m.doujiaow5.com/index.php?m=vod-search&wd={wd}",
    "scVodNode": "//div[@class='pic']/a",
    "scVodName": "/@title",
    "scVodId": "/@href",
    "scVodIdR": "/vodhtml/(\\w+)/",
    "scVodImg": "//@data-src",
    "scVodMark": "//text()",
    "filter":{
      "1":[
        {
          "key": "cateId",
          "name": "电影",
          "value": [
            {"n": "全部","v": ""},
            {"n": "动作片","v": "5"},
            {"n": "喜剧片","v": "6"},
            {"n": "爱情片","v": "7"},
            {"n": "科幻片","v": "8"},
            {"n": "恐怖片","v": "9"},
            {"n": "剧情片","v": "10"},
            {"n": "战争片","v": "11"}
          ]},
        {
          "key": "class",
          "name": "剧情",
          "value": [
            {"n": "全部","v": ""},
            {"n": "惊悚","v": "1"},
            {"n": "悬疑","v": "2"},
            {"n": "灾难","v": "5"},
            {"n": "历史","v": "12"},
            {"n": "喜剧","v": "129"},
            {"n": "爱情","v": "130"},
            {"n": "剧情","v": "131"},
            {"n": "冒险","v": "133"},
            {"n": "战争","v": "136"},
            {"n": "动作","v": "137"},
            {"n": "奇幻","v": "138"},
            {"n": "恐怖","v": "140"},
            {"n": "科幻","v": "141"},
            {"n": "犯罪","v": "142"},
            {"n": "西部","v": "143"},
            {"n": "武侠","v": "144"},
            {"n": "经典","v": "896"}
          ]},
        {
          "key": "area",
          "name": "地区",
          "value": [
            {"n": "全部","v": ""},
            {"n": "大陆","v": "大陆"},
            {"n": "香港","v": "香港"},
            {"n": "台湾","v": "台湾"},
            {"n": "美国","v": "美国"},
            {"n": "日本","v": "日本"},
            {"n": "韩国","v": "韩国"},
            {"n": "英国","v": "英国"},
            {"n": "法国","v": "法国"},
            {"n": "德国","v": "德国"},
            {"n": "印度","v": "印度"},
            {"n": "泰国","v": "泰国"},
            {"n": "新加坡","v": "新加坡"},
            {"n": "加拿大","v": "加拿大"},
            {"n": "西班牙","v": "西班牙"},
            {"n": "俄罗斯","v": "俄罗斯"},
            {"n": "其他","v": "其他"}
          ]},
        {
          "key": "year",
          "name": "年份",
          "value": [
            {"n": "全部","v": ""},
            {"n": "2022","v": "2022"},
            {"n": "2021","v": "2021"},
            {"n": "2020","v": "2020"},
            {"n": "2019","v": "2019"},
            {"n": "2018","v": "2018"},
            {"n": "2017","v": "2017"},
            {"n": "2016","v": "2016"},
            {"n": "2015","v": "2015"},
            {"n": "2014","v": "2014"},
            {"n": "2013","v": "2013"},
            {"n": "2012","v": "2012"},
            {"n": "2011","v": "2011"},
            {"n": "2010","v": "2010"},
            {"n": "2009","v": "2009"},
            {"n": "2008","v": "2008"},
            {"n": "2007","v": "2007"},
            {"n": "2006","v": "2006"},
            {"n": "2005","v": "2005"},
            {"n": "2004","v": "2004"},
            {"n": "2003","v": "2003"},
            {"n": "2002","v": "2002"}
          ]},
        {
          "key": "by",
          "name": "排序",
          "value": [
            {"n": "全部","v": ""},
            {"n": "最近更新","v": "time"},
            {"n": "热度排行","v": "hits"}
          ]}
      ],
      "2":[
        {
          "key": "cateId",
          "name": "电视剧",
          "value": [
            {"n": "全部","v": ""},
            {"n": "国产","v": "12"},
            {"n": "韩剧","v": "15"},
            {"n": "港剧","v": "13"},
            {"n": "台剧","v": "14"},
            {"n": "泰剧","v": "26"},
            {"n": "日剧","v": "17"},
            {"n": "美剧","v": "16"},
            {"n": "海外剧","v": "18"}
            ]},
        {
          "key": "class",
          "name": "剧情",
          "value": [
            {"n": "全部","v": ""}, 
            {"n": "科幻","v": "34"},
            {"n": "动作","v": "1473"},
            {"n": "战争","v": "25"},
            {"n": "武侠","v": "23"},
            {"n": "喜剧","v": "20"},
            {"n": "剧情","v": "117"},
            {"n": "悬疑","v": "32"},
            {"n": "犯罪","v": "33"},
            {"n": "爱情","v": "533"},
            {"n": "惊悚","v": "883"},
            {"n": "奇幻","v": "886"},
            {"n": "古装","v": "22"},
            {"n": "历史","v": "21"},
            {"n": "偶像","v": "19"},
            {"n": "经典","v": "888"},
            {"n": "恐怖","v": "1887"}
            ]},
        {
          "key": "area",
          "name": "地区",
          "value": [
            {"n": "全部","v": ""},
            {"n": "大陆","v": "大陆"},
            {"n": "香港","v": "香港"},
            {"n": "台湾","v": "台湾"},
            {"n": "美国","v": "美国"},
            {"n": "日本","v": "日本"},
            {"n": "韩国","v": "韩国"},
            {"n": "英国","v": "英国"},
            {"n": "法国","v": "法国"},
            {"n": "德国","v": "德国"},
            {"n": "印度","v": "印度"},
            {"n": "泰国","v": "泰国"},
            {"n": "新加坡","v": "新加坡"},
            {"n": "加拿大","v": "加拿大"},
            {"n": "西班牙","v": "西班牙"},
            {"n": "俄罗斯","v": "俄罗斯"},
            {"n": "其他","v": "其他"}
          ]},
        {
          "key": "year",
          "name": "年份",
          "value": [
            {"n": "全部","v": ""},
            {"n": "2022","v": "2022"},
            {"n": "2021","v": "2021"},
            {"n": "2020","v": "2020"},
            {"n": "2019","v": "2019"},
            {"n": "2018","v": "2018"},
            {"n": "2017","v": "2017"},
            {"n": "2016","v": "2016"},
            {"n": "2015","v": "2015"},
            {"n": "2014","v": "2014"},
            {"n": "2013","v": "2013"},
            {"n": "2012","v": "2012"},
            {"n": "2011","v": "2011"},
            {"n": "2010","v": "2010"},
            {"n": "2009","v": "2009"},
            {"n": "2008","v": "2008"},
            {"n": "2007","v": "2007"},
            {"n": "2006","v": "2006"},
            {"n": "2005","v": "2005"},
            {"n": "2004","v": "2004"},
            {"n": "2003","v": "2003"},
            {"n": "2002","v": "2002"}
          ]},
        {
          "key": "by",
          "name": "排序",
          "value": [
            {"n": "全部","v": ""},
            {"n": "最近更新","v": "time"},
            {"n": "热度排行","v": "hits"}
          ]}
      ],
      "25":[
        {
          "key": "cateId",
          "name": "视频大全",
          "value": [
            {"n": "全部","v": ""},
            {"n": "电视剧大全","v": "39"},
            {"n": "电影大全","v": "38"},
            {"n": "动漫大全","v": "40"}
          ]},  
        {
          "key": "class",
          "name": "剧情",
          "value": [
            {"n": "全部","v": ""}, 
            {"n": "剧情","v": "1982"},
            {"n": "喜剧","v": "1983"},
            {"n": "爱情","v": "1984"},
            {"n": "动作","v": "1985"},
            {"n": "悬疑","v": "1986"},
            {"n": "惊悚","v": "1987"},
            {"n": "犯罪","v": "1988"},
            {"n": "历史","v": "1989"},
            {"n": "动画","v": "1990"},
            {"n": "奇幻","v": "1991"},
            {"n": "恐怖","v": "1992"},
            {"n": "冒险","v": "1994"},
            {"n": "战争","v": "1995"},
            {"n": "科幻","v": "1996"},
            {"n": "武侠","v": "1997"},
            {"n": "西部","v": "1998"},
            {"n": "言情","v": "2009"},
            {"n": "古装","v": "2010"},
            {"n": "神话","v": "2012"},
            {"n": "偶像","v": "2013"},
            {"n": "枪战","v": "2022"},
            {"n": "灾难","v": "2023"}
            ]},
        {
          "key": "area",
          "name": "地区",
          "value": [
            {"n": "全部","v": ""},
            {"n": "大陆","v": "大陆"},
            {"n": "香港","v": "香港"},
            {"n": "台湾","v": "台湾"},
            {"n": "美国","v": "美国"},
            {"n": "日本","v": "日本"},
            {"n": "韩国","v": "韩国"},
            {"n": "英国","v": "英国"},
            {"n": "法国","v": "法国"},
            {"n": "德国","v": "德国"},
            {"n": "印度","v": "印度"},
            {"n": "泰国","v": "泰国"},
            {"n": "新加坡","v": "新加坡"},
            {"n": "加拿大","v": "加拿大"},
            {"n": "西班牙","v": "西班牙"},
            {"n": "俄罗斯","v": "俄罗斯"},
            {"n": "其他","v": "其他"}
          ]},
        {
          "key": "year",
          "name": "年份",
          "value": [
            {"n": "全部","v": ""},
            {"n": "2022","v": "2022"},
            {"n": "2021","v": "2021"},
            {"n": "2020","v": "2020"},
            {"n": "2019","v": "2019"},
            {"n": "2018","v": "2018"},
            {"n": "2017","v": "2017"},
            {"n": "2016","v": "2016"},
            {"n": "2015","v": "2015"},
            {"n": "2014","v": "2014"},
            {"n": "2013","v": "2013"},
            {"n": "2012","v": "2012"},
            {"n": "2011","v": "2011"},
            {"n": "2010","v": "2010"},
            {"n": "2009","v": "2009"},
            {"n": "2008","v": "2008"},
            {"n": "2007","v": "2007"},
            {"n": "2006","v": "2006"},
            {"n": "2005","v": "2005"},
            {"n": "2004","v": "2004"},
            {"n": "2003","v": "2003"},
            {"n": "2002","v": "2002"}
          ]},
        {
          "key": "by",
          "name": "排序",
          "value": [
            {"n": "全部","v": ""},
            {"n": "最近更新","v": "time"},
            {"n": "热度排行","v": "hits"}
          ]}
      ],
      "4":[
        {
          "key": "cateId",
          "name": "动漫",
          "value": [
            {"n": "全部","v": ""},
            {"n": "动漫剧集","v": "37"},
            {"n": "动漫电影","v": "35"}
          ]},    
        {
          "key": "class",
          "name": "剧情",
          "value": [
            {"n": "全部剧情","v": ""},
            {"n": "警匪","v": "2189"},
            {"n": "恐怖","v": "2188"},
            {"n": "神魔","v": "276"},
            {"n": "热血","v": "51"},
            {"n": "科幻","v": "266"},
            {"n": "战争","v": "275"},
            {"n": "悬疑","v": "909"},
            {"n": "历史","v": "279"},
            {"n": "青春","v": "261"},
            {"n": "魔法","v": "263"},
            {"n": "格斗","v": "265"},
            {"n": "推理","v": "54"},
            {"n": "冒险","v": "50"},
            {"n": "竞技","v": "55"},
            {"n": "校园","v": "259"},
            {"n": "恋爱","v": "260"},
            {"n": "剧情","v": "268"},
            {"n": "机战","v": "274"},
            {"n": "魔幻","v": "492"},
            {"n": "喜剧","v": "507"},
            {"n": "奇幻","v": "508"},
            {"n": "动作","v": "509"},
            {"n": "武侠","v": "511"},
            {"n": "运动","v": "273"},
            {"n": "儿童","v": "510"},
            {"n": "美少女","v": "262"}
          ]},
        {
          "key": "area",
          "name": "地区",
          "value": [
            {"n": "全部","v": ""},
            {"n": "大陆","v": "大陆"},
            {"n": "香港","v": "香港"},
            {"n": "台湾","v": "台湾"},
            {"n": "美国","v": "美国"},
            {"n": "日本","v": "日本"},
            {"n": "韩国","v": "韩国"},
            {"n": "英国","v": "英国"},
            {"n": "法国","v": "法国"},
            {"n": "德国","v": "德国"},
            {"n": "印度","v": "印度"},
            {"n": "泰国","v": "泰国"},
            {"n": "新加坡","v": "新加坡"},
            {"n": "加拿大","v": "加拿大"},
            {"n": "西班牙","v": "西班牙"},
            {"n": "俄罗斯","v": "俄罗斯"},
            {"n": "其他","v": "其他"}
          ]},
        {
          "key": "year",
          "name": "年份",
          "value": [
            {"n": "全部","v": ""},
            {"n": "2022","v": "2022"},
            {"n": "2021","v": "2021"},
            {"n": "2020","v": "2020"},
            {"n": "2019","v": "2019"},
            {"n": "2018","v": "2018"},
            {"n": "2017","v": "2017"},
            {"n": "2016","v": "2016"},
            {"n": "2015","v": "2015"},
            {"n": "2014","v": "2014"},
            {"n": "2013","v": "2013"},
            {"n": "2012","v": "2012"},
            {"n": "2011","v": "2011"},
            {"n": "2010","v": "2010"},
            {"n": "2009","v": "2009"},
            {"n": "2008","v": "2008"},
            {"n": "2007","v": "2007"},
            {"n": "2006","v": "2006"},
            {"n": "2005","v": "2005"},
            {"n": "2004","v": "2004"},
            {"n": "2003","v": "2003"},
            {"n": "2002","v": "2002"}
          ]},
        {
          "key": "by",
          "name": "排序",
          "value": [
            {"n": "全部","v": ""},
            {"n": "最近更新","v": "time"},
            {"n": "热度排行","v": "hits"}
          ]}
      ],
      "3":[
        {
          "key": "cateId",
          "name": "综艺",
          "value": [
            {"n": "全部","v": ""}
          ]},
        {
          "key": "class",
          "name": "剧情",
          "value": [
            {"n": "全部","v": ""}            ]},        
        {
          "key": "area",
          "name": "地区",
          "value": [
            {"n": "全部","v": ""},
            {"n": "大陆","v": "大陆"},
            {"n": "香港","v": "香港"},
            {"n": "台湾","v": "台湾"},
            {"n": "美国","v": "美国"},
            {"n": "日本","v": "日本"},
            {"n": "韩国","v": "韩国"},
            {"n": "英国","v": "英国"},
            {"n": "法国","v": "法国"},
            {"n": "德国","v": "德国"},
            {"n": "印度","v": "印度"},
            {"n": "泰国","v": "泰国"},
            {"n": "新加坡","v": "新加坡"},
            {"n": "加拿大","v": "加拿大"},
            {"n": "西班牙","v": "西班牙"},
            {"n": "俄罗斯","v": "俄罗斯"},
            {"n": "其他","v": "其他"}
          ]},
        {
          "key": "year",
          "name": "年份",
          "value": [
            {"n": "全部","v": ""},
            {"n": "2022","v": "2022"},
            {"n": "2021","v": "2021"},
            {"n": "2020","v": "2020"},
            {"n": "2019","v": "2019"},
            {"n": "2018","v": "2018"},
            {"n": "2017","v": "2017"},
            {"n": "2016","v": "2016"},
            {"n": "2015","v": "2015"},
            {"n": "2014","v": "2014"},
            {"n": "2013","v": "2013"},
            {"n": "2012","v": "2012"},
            {"n": "2011","v": "2011"},
            {"n": "2010","v": "2010"},
            {"n": "2009","v": "2009"},
            {"n": "2008","v": "2008"},
            {"n": "2007","v": "2007"},
            {"n": "2006","v": "2006"},
            {"n": "2005","v": "2005"},
            {"n": "2004","v": "2004"},
            {"n": "2003","v": "2003"},
            {"n": "2002","v": "2002"}
          ]},
        {
          "key": "by",
          "name": "排序",
          "value": [
            {"n": "全部","v": ""},
            {"n": "最近更新","v": "time"},
            {"n": "热度排行","v": "hits"}
          ]}
      ]}

        }
