{
  //"ua":"Mozilla/5.0 (iPhone; CPU iPhone OS 13_2_3 like Mac OS X) AppleWebKit/605.1.15 (KHTML, like Gecko) Version/13.0.3 Mobile/15E148 Safari/604.1",
  "homeUrl": "http://www.sharenice.net",
  "cateNode": "//div[@class='nav']/ul/li/a[not (contains(text(),'首页'))]",
  "cateName": "/text()",
  "cateId": "/@href",
  "cateIdR": "http://www.sharenice.net/(\\w+)",
  // "cateManual": {"抖音":"douyin","火山":"huoshan"},  
  

  "cateUrl": "http://www.sharenice.net/{cateId}?page={catePg}",
  "cateVodNode": "//span[@class='cover']/a",
  "cateVodName": "/@title",
  "cateVodId": "/@href",
  "cateVodIdR": "",
  "cateVodImg": "/img/@data-original",
  "cateVodImgR": "",
  "cateVodMark": "",
  "dtUrl": "{vid}",
  "dtNode": "//body",
  "dtName": "//h1/text()",
  "dtNameR": "",
  "dtImg": "//div[@class='logo']/a/img/@src",
  "dtImgR": "",
  "dtCate": "",
  "dtCateR": "",
  "dtYear": "//div[@class='info']/div[4]/span/text()",
  "dtYearR": "(\\d{4})",
  "dtArea": "",
  "dtAreaR": "",
  "dtMark": "",
  "dtMarkR": "",
  "dtActor": "//span[contains(text(),'视频标签')]/a/text()",
  "dtActorR": "",
  "dtDirector": "",
  "dtDirectorR": "",
  "dtDesc": "//div[@class='video-brief']/text()",
  "dtDescR": "",
  
  "dtFromNode": "//h1",
  "dtFromName": "/text()",
  "dtFromNameR": "",
  "dtUrlNode": "//div[@class='video-play-box']",
  "dtUrlSubNode": "/video",
  "dtUrlId": "/@src",
  "dtUrlIdR": "",
  "dtUrlName": "\"播放视频\"",
  "dtUrlNameR": "",
  "playUrl": "{playUrl}",
  "playUa": ""
//  "searchUrl": "https://m.tingzh.com/search.php?searchword={wd}&Submit=",
//  "scVodNode": "//div[@class='bookbox']",
 // "scVodName": "/div[@class='bookinfo']/h4/text()",
 // "scVodId": "/@bookid",
 // "scVodIdR": "",
 // "scVodImg": "concat('https://gimg2.baidu.com/image_search/src=http%3A%2F%2Fcbgccdn.thecover.cn%2FFukWL0vxvTk9FWs6ba6qUgyCLSKH&refer=http%3A%2F%2Fcbgccdn.thecover.cn&app=2002&size=f9999,10000&q=a80&n=0&g=0n&fmt=auto?sec=1662464355&t=f1e24cbc676abe4a67d7e4df2f76e91c','/')",
 // "scVodImgR": "",
 // "scVodMark": "/div[@class='bookinfo']/div[@class='update']/text()[2]"
}