{
    "author": "qq362817567",
    "ua":"Mozilla/5.0 (Macintosh; Intel Mac OS X 10_15_7) AppleWebKit/537.36 (KHTML, like Gecko) Chrome/100.0.4896.75 Safari/537.36",
    "homeUrl": "https://www.fantuanhd.com/",
	//"dcVipFlag":"true",
    //"dcPlayUrl":"true",
    //"dcshow2Vip":{},
    "cateManual": {
        "电影": "20",
        "剧集": "21",
        "综艺": "22",
        "动漫": "23",
        "纪录":"24",
        "动画":"25"
    },
    "homeVodNode": "//ul[@class='stui-vodlist clearfix'][1]/li/div[@class='stui-vodlist__box']",
    "homeVodName": "//h4[@class='title text-overflow']/a/@title",
    "homeVodId": "//h4[@class='title text-overflow']/a/@href",
    "homeVodIdR": "/detail/id-(.+).html",
    "homeVodImg": "/a[@class='stui-vodlist__thumb lazyload']/@data-original",
	"homeVodImgR": "(https?.+)",
    "homeVodMark": "/a[@class='stui-vodlist__thumb lazyload']/span[2]/text()",
    "cateUrl": "https://www.fantuanhd.com/show/id-{cateId}/by/{by}/page/{catePg}/year/{year}.html",
    "cateVodNode": "//li[@class='tv']/div[@class='stui-vodlist__box']",
    "cateVodName": "//h4[@class='title text-overflow']/a/@title",
    "cateVodId": "//h4[@class='title text-overflow']/a/@href",
    "cateVodIdR": "/detail/id-(.+).html",
    "cateVodImg": "/a[@class='stui-vodlist__thumb lazyload']/@data-original",
	"cateVodImgR": "(https?.+)",
    "cateVodMark": "/a[@class='stui-vodlist__thumb lazyload']/span[2]/text()",
    "dtUrl": "https://www.fantuanhd.com/detail/id-{vid}.html",
    "dtNode": "//body",
    "dtName": "//h1/text()",
    "dtImg": "//img[@class='lazyload']/@data-original",
	"dtImgR": "(https?.+)",
	
    "dtCate": "//p[@class='data'][1]/text()",
    "dtCateR":"类型：(.+?)/",
    "dtYear": "//p[@class='data'][1]/text()",
    "dtYearR":"年份：(.+)",
    "dtArea": "//p[@class='data'][1]/text()",
    "dtAreaR":"地区：(.+?)/",
    "dtActor": "//p[@class='data'][2]/text()",
    "dtActorR":"主演：(.+)",
    "dtDirector": "//p[@class='data'][3]/text()",
    "dtDirectorR":"导演：(.+)",
    "dtDesc": "//p[@class='desc detail']/span[@class='detail-content']/text()",
    "dtDescR":"",
    
    "dtFromNode": "//span[@class='pull-right']/following-sibling::h3",
    "dtFromName": "/text()",
    "dtFromNameR": "",
    "dtUrlNode": "//ul[@class='stui-content__playlist clearfix']",
    "dtUrlSubNode": "/li/a",
    "dtUrlId": "/@href",
    "dtUrlIdR": "/play/id-(.+).html",
    "dtUrlName": "/text()",
    "dtUrlNameR": "",
    "playUrl": "https://www.fantuanhd.com/play/id-{playUrl}.html",
   
	"playUa": "",
    "searchUrl": "https://www.fantuanhd.com/index.php/ajax/suggest?mid=1&wd={wd}&limit=5",
   "scVodNode": "json:list",
  "scVodName": "name",
  "scVodId": "id",
  "scVodIdR": "",
  "scVodImg": "pic",
  "scVodMark": "",
   "filter":{"20":[
{
"key":"class",
"name":"类型",
"value":[
{"n":"全部","v":""},
{"n":"喜剧","v":"喜剧"},
{"n":"爱情","v":"爱情"},
{"n":"恐怖","v":"恐怖"},
{"n":"动作","v":"动作"},
{"n":"科幻","v":"科幻"},
{"n":"剧情","v":"剧情"},
{"n":"战争","v":"战争"},
{"n":"犯罪","v":"犯罪"},
{"n":"灾难","v":"灾难"},
{"n":"奇幻","v":"奇幻"},
{"n":"悬疑","v":"悬疑"},
{"n":"惊悚","v":"惊悚"},
{"n":"冒险","v":"冒险"}
]
},
{
"key":"area",
"name":"地区",
"value":[
{"n":"全部","v":""},
{"n":"大陆","v":"大陆"},
{"n":"香港","v":"香港"},
{"n":"台湾","v":"台湾"},
{"n":"美国","v":"美国"},
{"n":"法国","v":"法国"},
{"n":"英国","v":"英国"},
{"n":"日本","v":"日本"},
{"n":"韩国","v":"韩国"},
{"n":"德国","v":"德国"},
{"n":"泰国","v":"泰国"},
{"n":"印度","v":"印度"},
{"n":"其他","v":"其他"}
]
},
{
"key":"lang",
"name":"语言",
"value":[
{"n":"全部","v":""},
{"n":"普通话","v":"普通话"},
{"n":"英语","v":"英语"},
{"n":"粤语","v":"粤语"},
{"n":"闽南语","v":"闽南语"},
{"n":"韩语","v":"韩语"},
{"n":"日语","v":"日语"},
{"n":"法语","v":"法语"},
{"n":"德语","v":"德语"},
{"n":"其它","v":"其它"}
]
},
{
"key":"year",
"name":"年份",
"value":[
{"n":"全部","v":""},
{"n":"2022","v":"2022"},
{"n":"2021","v":"2021"},
{"n":"2020","v":"2020"},
{"n":"2019","v":"2019"},
{"n":"2018","v":"2018"},
{"n":"2017","v":"2017"},
{"n":"2016","v":"2016"},
{"n":"2008","v":"2008"},
{"n":"2000","v":"2000"},
{"n":"1997","v":"1997"},
{"n":"1980","v":"1980"}
]
},
{
"key":"by",
"name":"排序",
"value":[
{"n":"全部","v":""},
{"n":"时间","v":"time"},
{"n":"人气","v":"hits"},
{"n":"评分","v":"score"}
]
}
],
"21":[
{
"key":"class",
"name":"类型",
"value":[
{"n":"全部","v":""},
{"n":"古装","v":"古装"},
{"n":"战争","v":"战争"},
{"n":"偶像","v":"偶像"},
{"n":"犯罪","v":"犯罪"},
{"n":"奇幻","v":"奇幻"},
{"n":"剧情","v":"剧情"},
{"n":"历史","v":"历史"},
{"n":"网剧","v":"网剧"}
]
},
{
"key":"area",
"name":"地区",
"value":[
{"n":"全部","v":""},
{"n":"大陆","v":"大陆"},
{"n":"香港","v":"香港"},
{"n":"台湾","v":"台湾"},
{"n":"美国","v":"美国"},
{"n":"法国","v":"法国"},
{"n":"英国","v":"英国"},
{"n":"日本","v":"日本"},
{"n":"韩国","v":"韩国"},
{"n":"德国","v":"德国"},
{"n":"泰国","v":"泰国"},
{"n":"印度","v":"印度"},
{"n":"其他","v":"其他"}
]
},
{
"key":"lang",
"name":"语言",
"value":[
{"n":"全部","v":""},
{"n":"普通话","v":"普通话"},
{"n":"英语","v":"英语"},
{"n":"粤语","v":"粤语"},
{"n":"闽南语","v":"闽南语"},
{"n":"韩语","v":"韩语"},
{"n":"日语","v":"日语"},
{"n":"法语","v":"法语"},
{"n":"德语","v":"德语"},
{"n":"其它","v":"其它"}
]
},
{
"key":"year",
"name":"年份",
"value":[
{"n":"全部","v":""},
{"n":"2022","v":"2022"},
{"n":"2021","v":"2021"},
{"n":"2020","v":"2020"},
{"n":"2019","v":"2019"},
{"n":"2018","v":"2018"},
{"n":"2017","v":"2017"},
{"n":"2016","v":"2016"},
{"n":"2008","v":"2008"},
{"n":"2000","v":"2000"},
{"n":"1997","v":"1997"},
{"n":"1980","v":"1980"}
]
},
{
"key":"by",
"name":"排序",
"value":[
{"n":"全部","v":""},
{"n":"时间","v":"time"},
{"n":"人气","v":"hits"},
{"n":"评分","v":"score"}
]
}
],
"22":[
{
"key":"class",
"name":"类型",
"value":[
{"n":"全部","v":""},
{"n":"相声","v":"相声"},
{"n":"真人秀","v":"真人秀"},
{"n":"脱口秀","v":"脱口秀"},
{"n":"选秀","v":"选秀"},
{"n":"情感","v":"情感"},
{"n":"访谈","v":"访谈"},
{"n":"播报","v":"播报"},
{"n":"旅游","v":"旅游"},
{"n":"音乐","v":"音乐"},
{"n":"美食","v":"美食"},
{"n":"纪实","v":"纪实"},
{"n":"舞蹈","v":"舞蹈"}
]
},
{
"key":"area",
"name":"地区",
"value":[
{"n":"全部","v":""},
{"n":"大陆","v":"大陆"},
{"n":"香港","v":"香港"},
{"n":"台湾","v":"台湾"},
{"n":"日本","v":"日本"},
{"n":"韩国","v":"韩国"},
{"n":"欧美","v":"欧美"}
]
},
{
"key":"lang",
"name":"语言",
"value":[
{"n":"全部","v":""},
{"n":"普通话","v":"普通话"},
{"n":"英语","v":"英语"},
{"n":"粤语","v":"粤语"},
{"n":"闽南语","v":"闽南语"},
{"n":"韩语","v":"韩语"},
{"n":"日语","v":"日语"},
{"n":"其它","v":"其它"}
]
},
{
"key":"year",
"name":"年份",
"value":[
{"n":"全部","v":""},
{"n":"2022","v":"2022"},
{"n":"2021","v":"2021"},
{"n":"2020","v":"2020"},
{"n":"2019","v":"2019"},
{"n":"2018","v":"2018"},
{"n":"2017","v":"2017"},
{"n":"2016","v":"2016"},
{"n":"2008","v":"2008"},
{"n":"2000","v":"2000"},
{"n":"1997","v":"1997"},
{"n":"1980","v":"1980"}
]
},
{
"key":"by",
"name":"排序",
"value":[
{"n":"全部","v":""},
{"n":"时间","v":"time"},
{"n":"人气","v":"hits"},
{"n":"评分","v":"score"}
]
}
],
"23":[
{
"key":"class",
"name":"类型",
"value":[
{"n":"全部","v":""},
{"n":"科幻","v":"科幻"},
{"n":"热血","v":"热血"},
{"n":"推理","v":"推理"},
{"n":"搞笑","v":"搞笑"},
{"n":"冒险","v":"冒险"},
{"n":"萝莉","v":"萝莉"},
{"n":"校园","v":"校园"},
{"n":"动作","v":"动作"},
{"n":"机战","v":"机战"},
{"n":"运动","v":"运动"},
{"n":"战争","v":"战争"},
{"n":"少年","v":"少年"},
{"n":"少女","v":"少女"}
]
},
{
"key":"area",
"name":"地区",
"value":[
{"n":"全部","v":""},
{"n":"大陆","v":"大陆"},
{"n":"香港","v":"香港"},
{"n":"台湾","v":"台湾"},
{"n":"日本","v":"日本"},
{"n":"欧美","v":"欧美"}
]
},
{
"key":"lang",
"name":"语言",
"value":[
{"n":"全部","v":""},
{"n":"普通话","v":"普通话"},
{"n":"英语","v":"英语"},
{"n":"粤语","v":"粤语"},
{"n":"闽南语","v":"闽南语"},
{"n":"韩语","v":"韩语"},
{"n":"日语","v":"日语"},
{"n":"法语","v":"法语"},
{"n":"德语","v":"德语"},
{"n":"其它","v":"其它"}
]
},
{
"key":"year",
"name":"年份",
"value":[
{"n":"全部","v":""},
{"n":"2022","v":"2022"},
{"n":"2021","v":"2021"},
{"n":"2020","v":"2020"},
{"n":"2019","v":"2019"},
{"n":"2018","v":"2018"},
{"n":"2017","v":"2017"},
{"n":"2016","v":"2016"},
{"n":"2008","v":"2008"},
{"n":"2000","v":"2000"},
{"n":"1997","v":"1997"},
{"n":"1980","v":"1980"}
]
},
{
"key":"by",
"name":"排序",
"value":[
{"n":"全部","v":""},
{"n":"时间","v":"time"},
{"n":"人气","v":"hits"},
{"n":"评分","v":"score"}
]
}
],
"24":[
{
"key":"class",
"name":"类型",
"value":[
{"n":"全部","v":""},
{"n":"历史","v":"历史"},
{"n":"传记","v":"传记"},
{"n":"生活","v":"生活"},
{"n":"人文","v":"人文"},
{"n":"地理","v":"地理"},
{"n":"舞台","v":"舞台"},
{"n":"专题","v":"专题"},
{"n":"时事","v":"时事"},
{"n":"宣传","v":"宣传"}
]
},
{
"key":"area",
"name":"地区",
"value":[
{"n":"全部","v":""},
{"n":"大陆","v":"大陆"},
{"n":"香港","v":"香港"},
{"n":"台湾","v":"台湾"},
{"n":"美国","v":"美国"},
{"n":"法国","v":"法国"},
{"n":"英国","v":"英国"},
{"n":"日本","v":"日本"},
{"n":"韩国","v":"韩国"},
{"n":"德国","v":"德国"},
{"n":"泰国","v":"泰国"},
{"n":"印度","v":"印度"},
{"n":"其他","v":"其他"}
]
},
{
"key":"lang",
"name":"语言",
"value":[
{"n":"全部","v":""},
{"n":"普通话","v":"普通话"},
{"n":"英语","v":"英语"},
{"n":"粤语","v":"粤语"},
{"n":"闽南语","v":"闽南语"},
{"n":"韩语","v":"韩语"},
{"n":"日语","v":"日语"},
{"n":"法语","v":"法语"},
{"n":"德语","v":"德语"},
{"n":"其它","v":"其它"}
]
},
{
"key":"year",
"name":"年份",
"value":[
{"n":"全部","v":""},
{"n":"2022","v":"2022"},
{"n":"2021","v":"2021"},
{"n":"2020","v":"2020"},
{"n":"2019","v":"2019"},
{"n":"2018","v":"2018"},
{"n":"2017","v":"2017"},
{"n":"2016","v":"2016"},
{"n":"2008","v":"2008"},
{"n":"2000","v":"2000"},
{"n":"1997","v":"1997"},
{"n":"1980","v":"1980"}
]
},
{
"key":"by",
"name":"排序",
"value":[
{"n":"全部","v":""},
{"n":"时间","v":"time"},
{"n":"人气","v":"hits"},
{"n":"评分","v":"score"}
]
}
],
25":[
{
"key":"class",
"name":"类型",
"value":[
{"n":"全部","v":""},
{"n":"科幻","v":"科幻"},
{"n":"热血","v":"热血"},
{"n":"推理","v":"推理"},
{"n":"搞笑","v":"搞笑"},
{"n":"冒险","v":"冒险"},
{"n":"萝莉","v":"萝莉"},
{"n":"校园","v":"校园"},
{"n":"动作","v":"动作"},
{"n":"机战","v":"机战"},
{"n":"运动","v":"运动"},
{"n":"战争","v":"战争"},
{"n":"少年","v":"少年"},
{"n":"少女","v":"少女"}
]
},
{
"key":"area",
"name":"地区",
"value":[
{"n":"全部","v":""},
{"n":"大陆","v":"大陆"},
{"n":"香港","v":"香港"},
{"n":"台湾","v":"台湾"},
{"n":"美国","v":"美国"},
{"n":"英国","v":"英国"},
{"n":"日本","v":"日本"},
{"n":"韩国","v":"韩国"},
{"n":"泰国","v":"泰国"},
{"n":"新加坡","v":"新加坡"},
{"n":"其他","v":"其他"}
]
},
{
"key":"lang",
"name":"语言",
"value":[
{"n":"全部","v":""},
{"n":"普通话","v":"普通话"},
{"n":"英语","v":"英语"},
{"n":"粤语","v":"粤语"},
{"n":"闽南语","v":"闽南语"},
{"n":"韩语","v":"韩语"},
{"n":"日语","v":"日语"},
{"n":"法语","v":"法语"},
{"n":"德语","v":"德语"},
{"n":"其它","v":"其它"}
]
},
{
"key":"year",
"name":"年份",
"value":[
{"n":"全部","v":""},
{"n":"2022","v":"2022"},
{"n":"2021","v":"2021"},
{"n":"2020","v":"2020"},
{"n":"2019","v":"2019"},
{"n":"2018","v":"2018"},
{"n":"2017","v":"2017"},
{"n":"2016","v":"2016"},
{"n":"2008","v":"2008"},
{"n":"2000","v":"2000"},
{"n":"1997","v":"1997"},
{"n":"1980","v":"1980"}
]
},
{
"key":"by",
"name":"排序",
"value":[
{"n":"全部","v":""},
{"n":"时间","v":"time"},
{"n":"人气","v":"hits"},
{"n":"评分","v":"score"}
]
}
]
}
}