{
	"ua": "Mozilla/5.0 (iPhone; CPU iPhone OS 13_2_3 like Mac OS X) AppleWebKit/605.1.15 (KHTML, like Gecko) Version/13.0.3 Mobile/15E148 Safari/604.1",
    //"ua": "",
	"homeUrl": "https://www.2345ka.com/",
	//"cateNode": "//div[@class='home-nav flex']/div/a[not(contains(@href, '6'))]",
    "cateNode": "//div[@class='home-nav flex']/div/a",
	"cateName": "/div[1]/text()",
	"cateId": "/@href",
	"cateIdR": "/t(\\S+).html",
	"cateManual": {},
	"homeVodNode": "//div[contains(@id,'listId') and not(contains(@id, '6'))]/div[contains(@class,'movie-list-body')]/div[contains(@class,'movie-list-item')]",
	"homeVodName": "/a/div[2]/div[1]/text()",
	"homeVodId": "/a/@href",
	"homeVodIdR": "/v(\\S+).html",
	"homeVodImg": "/a/div[1]/div/@data-original",
	"homeVodImgR": "\\S+(http\\S+)",
	"homeVodMark": "/a/div[2]/div[3]/text()",
	"cateUrl": "https://www.2345ka.com/t/{cateId}/{catePg}.html",
	"cateVodNode": "//div[@class='movie-list-body flex']/div[contains(@class,'movie-list-item')]",
	"cateVodName": "/a/div[2]/div[1]/text()",
	"cateVodId": "/a/@href",
	"cateVodIdR": "/v(\\S+).html",
	"cateVodImg": "/a/div[1]/div/@data-original",
	"cateVodImgR": "\\S+(http\\S+)",
	"cateVodMark": "/a/div[2]/div[3]/text()",
	"dtUrl": "https://www.2345ka.com/v/{vid}.html",
	"dtNode": "//div[@class='movie bj br card border-shadow']",
	"dtName": "/div[@class='cf b-t1']/div[2]/div[1]/h1/text()",
	"dtNameR": "",
	"dtImg": "/div[@class='cf b-t1']/div[1]/img/@src",
	"dtImgR": "\\S+(http\\S+)",
	"dtCate": "/div[@class='cf b-t1']/div[2]/div[2]/a[@title[.!='']]/text()",
	"dtCateR": "",
	"dtYear": "/div[@class='cf b-t1']/div[2]/div[2]/a[not(@title)]/text()",
	"dtYearR": "",
	"dtArea": "",
	"dtAreaR": "",
	"dtMark": "/div[@class='cf b-t1']/div[2]/p[1]/text()",
	"dtMarkR": "",
	"dtActor": "/div[@class='cf b-t1']/div[2]/p[2]/a/text()",
	"dtActorR": "",
	"dtDirector": "",
	"dtDirectorR": "",
	"dtDesc": "/div[2]/text()",
	"dtDescR": "",
	"dtFromNode": "//div[@class='swiper-wrapper']/a",
	"dtFromName": "/text()",
	"dtFromNameR": "",
	"dtUrlNode": "//ul[@class='content_playlist flex wrap']",
	"dtUrlSubNode": "//li/a",
	"dtUrlId": "/@href",
	"dtUrlIdR": "/(\\S+).html",
	"dtUrlName": "/text()",
	"dtUrlNameR": "",
	"playUrl": "https://www.2345ka.com/{playUrl}.html",
	"playUa": "",
	"searchUrl": "https://www.2345ka.com/search?wd={wd}",
	"scVodNode": "//div[@class='movie-list-body flex']/div[contains(@class,'vod-search-list')]",
	"scVodName": "/div/div/div[1]/div[1]/text()",
	"scVodId": "/div/a/@href",
	"scVodIdR": "/v(\\S+).html",
	"scVodImg": "/div/a/div/@data-original",
	"scVodMark": "/div/div/div[1]/div[3]/text()"
}