
{
  "ua": "",
  "homeUrl": "https://www.anthh.com/",
  "dcVipFlag": "true",
  "pCfgJs": "https://www.anthh.com/static/js/playerconfig.js",
  "pCfgJsR": "[\\W|\\S|.]*?MacPlayerConfig.player_list[\\W|\\S|.]*?=([\\W|\\S|.]*?),MacPlayerConfig.downer_list",
  "dcShow2Vip": {},
  "dcPlayUrl": "true",
"cateManual": {             
        "电影": "1",
        "电视剧": "2",
        "综艺": "3",
        "动漫": "4"},
  "homeVodNode": "//li[@class='col-lg-6 col-md-6 col-sm-4 col-xs-3']/div/a",
  "homeVodName": "/@title",
  "homeVodId": "/@href",
  "homeVodIdR": "/voddetail/(\\w+).html",
  "homeVodImg": "/@data-original",
  "homeVodImgR": "",
  "homeVodMark": "//span[contains(@class,'pic-text text-right')]/text()",
  "cateUrl":  "https://www.anthh.com/vodshow/{cateId}/area/{area}/by/{by}/page/{catePg}/year/{year}.html",
  "cateVodNode": "//li[@class='col-lg-8 col-md-6 col-sm-4 col-xs-3']/div/a",
  "cateVodName": "/@title",
  "cateVodId": "/@href",
  "cateVodIdR": "/voddetail/(\\w+).html",
  "cateVodImg": "/@data-original",
  "cateVodImgR": "",
  "cateVodMark": "//span[contains(@class,'pic-text text-right')]/text()",
  "dtUrl": "https://www.anthh.com/voddetail/{vid}.html",
  "dtNode": "//body",
  "dtName": "//div[@class='col-xs-1']/div[@class='myui-content__thumb']/a/@title",
  "dtNameR": "",
  "dtImg": "//div[@class='col-xs-1']/div[@class='myui-content__thumb']/a/img/@data-original",
  "dtImgR": "",
  "dtCate": "//span[contains(text(), '分类')]/following-sibling::a/text()",
  "dtYear": "//span[contains(text(), '年份')]/following-sibling::a/text()",
  "dtMark": "//span[contains(text(), '更新')]/following-sibling::*/text()",
  "dtMarkR": "",
  "dtDirector": "//span[contains(text(), '导演')]/following-sibling::a/text()",
  "dtActor": "//span[contains(text(), '主演')]/following-sibling::a/text()",
  "dtDesc": "//span[@class='data']/p/text()",
  "dtFromNode": "//ul[@class='nav nav-tabs active']/li/a",
  "dtFromName": "/text()",
  "dtFromNameR": "",
  "dtUrlNode": "//ul[@class='myui-content__list scrollbar sort-list clearfix']",
  "dtUrlSubNode": "/li/a",
  "dtUrlId": "@href",
  "dtUrlIdR": "/vodplay/(\\S+).html",
  "dtUrlName": "/text()",
  "dtUrlNameR": "",
  "playUrl": "https://www.anthh.com/vodplay/{playUrl}.html",
  "playUa": "",
  "searchUrl": "https://www.anthh.com/index.php/ajax/suggest?mid=1&wd={wd}&limit=10",
  "scVodNode": "json:list",
  "scVodName": "name",
  "scVodId": "id",
  "scVodIdR": "",
  "scVodImg": "pic",
  "scVodMark": "",
    "filter": {
    "1": [
      {
        "key": "cateId",
        "name": "类型",
        "value": [
          { "n": "全部", "v": "1" },
          { "n": "动作片", "v": "6" },
          { "n": "喜剧片", "v": "7" },
          { "n": "爱情片", "v": "8" },
          { "n": "科幻片", "v": "9" },
          { "n": "恐怖片", "v": "10" },
          { "n": "剧情片", "v": "11" },
          { "n": "战争片", "v": "12" },
          { "n": "伦理片", "v": "22" },
          { "n": "纪录片", "v": "21" },
          { "n": "动画片", "v": "20" }
        ]
      },
      {
        "key": "area",
        "name": "地区",
        "value": [
          { "n": "全部", "v": "" },
          { "n": "大陆", "v": "大陆" },
          { "n": "香港", "v": "香港" },
          { "n": "台湾", "v": "台湾" },
          { "n": "美国", "v": "美国" },
          { "n": "日本", "v": "日本" },
          { "n": "韩国", "v": "韩国" },
          { "n": "英国", "v": "英国" },
          { "n": "法国", "v": "法国" },
          { "n": "德国", "v": "德国" },
          { "n": "印度", "v": "印度" },
          { "n": "泰国", "v": "泰国" },
          { "n": "丹麦", "v": "丹麦" },
          { "n": "瑞典", "v": "瑞典" },
          { "n": "巴西", "v": "巴西" },
          { "n": "加拿大", "v": "加拿大" },
          { "n": "俄罗斯", "v": "俄罗斯" },
          { "n": "意大利", "v": "意大利" },
          { "n": "比利时", "v": "比利时" },
          { "n": "爱尔兰", "v": "爱尔兰" },
          { "n": "西班牙", "v": "西班牙" },
          { "n": "其他", "v": "其他" }
        ]
      },
      {
        "key": "year",
        "name": "年份",
        "value": [
          { "n": "全部", "v": "" },
          { "n": "2022", "v": "2022" },
          { "n": "2021", "v": "2021" },
          { "n": "2020", "v": "2020" },
          { "n": "2019", "v": "2019" },
          { "n": "2018", "v": "2018" },
          { "n": "2017", "v": "2017" },
          { "n": "2016", "v": "2016" },
          { "n": "2015", "v": "2015" },
          { "n": "2014", "v": "2014" },
          { "n": "2013", "v": "2013" },
          { "n": "2012", "v": "2012" },
          { "n": "2011", "v": "2011" },
          { "n": "2010", "v": "2010" },
          { "n": "2009", "v": "2009" },
          { "n": "2008", "v": "2008" },
          { "n": "2007", "v": "2007" },
          { "n": "2006", "v": "2006" },
          { "n": "2005", "v": "2005" },
          { "n": "2004", "v": "2004" },
          { "n": "2003", "v": "2003" },
          { "n": "2002", "v": "2002" },
          { "n": "2001", "v": "2001" },
          { "n": "2000", "v": "2000" }
        ]
      },
      {
        "key": "by",
        "name": "排序",
        "value": [
          { "n": "时间", "v": "time" },
          { "n": "人气", "v": "hits" },
          { "n": "评分", "v": "score" }
        ]
      }
    ],
    "2":[
      {
        "key": "cateId",
        "name": "类型",
        "value": [
          { "n": "全部", "v": "" },
          { "n": "国产剧", "v": "13" },
          { "n": "港台剧", "v": "14" },
          { "n": "日韩剧", "v": "15" },
          { "n": "欧美剧", "v": "16" },
          { "n": "海外剧", "v": "23" }
        ]
      },
      {
        "key": "area",
        "name": "地区",
        "value": [
          { "n": "全部", "v": "" },
          { "n": "大陆", "v": "大陆" },
          { "n": "香港", "v": "香港" },
          { "n": "台湾", "v": "台湾" },
          { "n": "美国", "v": "美国" },
          { "n": "日本", "v": "日本" },
          { "n": "韩国", "v": "韩国" },
          { "n": "英国", "v": "英国" },
          { "n": "法国", "v": "法国" },
          { "n": "德国", "v": "德国" },
          { "n": "印度", "v": "印度" },
          { "n": "泰国", "v": "泰国" },
          { "n": "丹麦", "v": "丹麦" },
          { "n": "瑞典", "v": "瑞典" },
          { "n": "巴西", "v": "巴西" },
          { "n": "加拿大", "v": "加拿大" },
          { "n": "俄罗斯", "v": "俄罗斯" },
          { "n": "意大利", "v": "意大利" },
          { "n": "比利时", "v": "比利时" },
          { "n": "爱尔兰", "v": "爱尔兰" },
          { "n": "西班牙", "v": "西班牙" },
          { "n": "其他", "v": "其他" }
        ]
      },
      {
        "key": "year",
        "name": "年份",
        "value": [
          { "n": "全部", "v": "" },
          { "n": "2022", "v": "2022" },
          { "n": "2021", "v": "2021" },
          { "n": "2020", "v": "2020" },
          { "n": "2019", "v": "2019" },
          { "n": "2018", "v": "2018" },
          { "n": "2017", "v": "2017" },
          { "n": "2016", "v": "2016" },
          { "n": "2015", "v": "2015" },
          { "n": "2014", "v": "2014" },
          { "n": "2013", "v": "2013" },
          { "n": "2012", "v": "2012" },
          { "n": "2011", "v": "2011" },
          { "n": "2010", "v": "2010" },
          { "n": "2009", "v": "2009" },
          { "n": "2008", "v": "2008" },
          { "n": "2007", "v": "2007" },
          { "n": "2006", "v": "2006" },
          { "n": "2005", "v": "2005" },
          { "n": "2004", "v": "2004" },
          { "n": "2003", "v": "2003" },
          { "n": "2002", "v": "2002" },
          { "n": "2001", "v": "2001" },
          { "n": "2000", "v": "2000" }
        ]
      },
      {
        "key": "by",
        "name": "排序",
        "value": [
          { "n": "时间", "v": "time" },
          { "n": "人气", "v": "hits" },
          { "n": "评分", "v": "score" }
        ]
      }
    ],
        "3":[
      {
        "key": "area",
        "name": "地区",
        "value": [
          { "n": "全部", "v": "" },
          { "n": "国产", "v": "国产" },
          { "n": "日本", "v": "日本" },
          { "n": "欧美", "v": "欧美" },
          { "n": "海外", "v": "海外" }
        ]
      },
      {
        "key": "year",
        "name": "年份",
        "value": [
          { "n": "全部", "v": "" },
          { "n": "2022", "v": "2022" },
          { "n": "2021", "v": "2021" },
          { "n": "2020", "v": "2020" },
          { "n": "2019", "v": "2019" },
          { "n": "2018", "v": "2018" },
          { "n": "2017", "v": "2017" },
          { "n": "2016", "v": "2016" },
          { "n": "2015", "v": "2015" },
          { "n": "2014", "v": "2014" },
          { "n": "2013", "v": "2013" },
          { "n": "2012", "v": "2012" },
          { "n": "2011", "v": "2011" },
          { "n": "2010", "v": "2010" },
          { "n": "2009", "v": "2009" },
          { "n": "2008", "v": "2008" },
          { "n": "2007", "v": "2007" },
          { "n": "2006", "v": "2006" },
          { "n": "2005", "v": "2005" },
          { "n": "2004", "v": "2004" },
          { "n": "2003", "v": "2003" },
          { "n": "2002", "v": "2002" },
          { "n": "2001", "v": "2001" },
          { "n": "2000", "v": "2000" }
        ]
      },
      {
        "key": "by",
        "name": "排序",
        "value": [
          { "n": "时间", "v": "time" },
          { "n": "人气", "v": "hits" },
          { "n": "评分", "v": "score" }
        ]
      }
    ],
         "3":[
      {
        "key": "area",
        "name": "地区",
        "value": [
          { "n": "全部", "v": "" },
          { "n": "大陆", "v": "大陆" },
          { "n": "港台", "v": "港台" },
          { "n": "日韩", "v": "日韩" },
          { "n": "欧美", "v": "欧美" }

        ]
      },
      {
        "key": "year",
        "name": "年份",
        "value": [
          { "n": "全部", "v": "" },
          { "n": "2022", "v": "2022" },
          { "n": "2021", "v": "2021" },
          { "n": "2020", "v": "2020" },
          { "n": "2019", "v": "2019" },
          { "n": "2018", "v": "2018" },
          { "n": "2017", "v": "2017" },
          { "n": "2016", "v": "2016" },
          { "n": "2015", "v": "2015" },
          { "n": "2014", "v": "2014" },
          { "n": "2013", "v": "2013" },
          { "n": "2012", "v": "2012" },
          { "n": "2011", "v": "2011" },
          { "n": "2010", "v": "2010" },
          { "n": "2009", "v": "2009" },
          { "n": "2008", "v": "2008" },
          { "n": "2007", "v": "2007" },
          { "n": "2006", "v": "2006" },
          { "n": "2005", "v": "2005" },
          { "n": "2004", "v": "2004" },
          { "n": "2003", "v": "2003" },
          { "n": "2002", "v": "2002" },
          { "n": "2001", "v": "2001" },
          { "n": "2000", "v": "2000" }
        ]
      },
      {
        "key": "by",
        "name": "排序",
        "value": [
          { "n": "时间", "v": "time" },
          { "n": "人气", "v": "hits" },
          { "n": "评分", "v": "score" }
        ]
      }
    ]
}
}