{
  "ua": "Mozilla/5.0 (iPhone; CPU iPhone OS 13_2_3 like Mac OS X) AppleWebKit/605.1.15 (KHTML, like Gecko) Version/13.0.3 Mobile/15E148 Safari/604.1",
  "homeUrl": "https://saohuo.vip",
  //"cateNode": "//ul[contains(@class,'type_list')]/li/a[contains(@href, '.html')]",
  //"cateName": "/text()",
  //"cateId": "/@href",
  //"cateIdR": "/list/(\\d+).html",
  "cateManual": {
      "电影": "1",
      "电视剧": "2",
      "动漫": "4",
      "喜剧片": "6",
"爱情片": "7",
"恐怖片": "8",
"动作片": "9",
"科幻片": "10",
"战争片": "11",
"犯罪片": "12",
"动画片": "13",
"奇幻片": "14",
"剧情片": "15",
"冒险片": "16",
"悬疑片": "17",
"惊悚片": "18",
"其他片": "19",
"国产": "20",
"香港": "21",
"韩国": "22",
"美国": "23",
"日本": "24",
"英国": "25",
"台湾": "26",
"其他": "27",
"搞笑动漫": "38",
"恋爱动漫": "39",
"热血动漫": "40",
"格斗动漫": "41",
"美少女动漫": "42",
"魔法动漫": "43",
"机战动漫": "44",
"校园动漫": "45",
"亲子动漫": "46",
"童话动漫": "47",
"冒险动漫": "48",
"真人动漫": "49",
"萝莉动漫": "50",
"其他动漫": "51"
    },
  "homeVodNode": "//ul[@class='v_list']/li/div[@class='v_img']",
  "homeVodName": "/a/@title",
  "homeVodId": "/a/@href",
  "homeVodIdR": "/movie/(\\w+).html",
  "homeVodImg": "/a/img/@data-original",
  "homeVodMark": "/div[@class='v_note']/text()",
  "cateUrl": "https://saohuo.vip/list/{cateId}-{catePg}.html",
  "cateVodNode": "//ul[@class='v_list']/li/div[@class='v_img']",
  "cateVodName": "/a/@title",
  "cateVodId": "/a/@href",
  "cateVodIdR": "/movie/(\\w+).html",
  "cateVodImg": "/a/img/@data-original",
  "cateVodMark": "/div[@class='v_note']/text()",
  "dtUrl": "http://saohuo.vip/movie/{vid}.html",
  "dtNode": "//body",
  "dtName": "//section[contains(@class,'v_info_box')]/h1[1]/text()",
  "dtImg": "//section[contains(@class,'v_info')]/div[@class='m_background']/@style",
  "dtImgR": "background-image:url\\((\\S+)\\)",
  "dtCate": "//section[contains(@class,'v_info_box')]/p[1]/text()",
  "dtDesc": "//p[contains(@class,'show_part')]/text()",
  "dtFromNode": "//ul[@class='from_list']/li",
  "dtFromName": "/text()",
  "dtUrlNode": "//ul[@class='play_list' or @class='large_list']/li",
  "dtUrlSubNode": "/a",
  "dtUrlId": "@href",
  "dtUrlIdR": "/play/(\\S+).html",
  "dtUrlName": "/text()",
  "playUrl": "http://saohuo.vip/play/{playUrl}.html",
  "searchUrl": "https://saohuo.vip/search.php?searchword={wd}",
  "scVodNode": "//ul[@class='v_list']/li/div[@class='v_img']",
  "scVodName": "/a/@title",
  "scVodId": "/a/@href",
  "scVodIdR": "/movie/(\\w+).html",
  "scVodImg": "/a/img/@data-original",
  "scVodMark": "/div[@class='v_note']/text()"
}
