{
  "urls": [
    {
      "url": "./0821.json",
      "name": "高天流云 No.1"
    },
    {
      "url": "./0822.json",
      "name": "高天流云 No.2"
    },
    {
      "url": "./0825.json",
      "name": "高天流云 PG"
    },
    {
      "url": "./0826.json",
      "name": "高天流云 FTY"
    },
    {
      "url": "./0827.json",
      "name": "高天流云 FM"
    },
    {
      "url": "./js.json",
      "name": "高天流云 JS"
    },
    {
      "url": "./XBPQ.json",
      "name": "高天流云 XBPQ"
    },
    {
      "url": "./XYQ.json",
      "name": "高天流云 XYQ"
    }
  ]
}
