{
"spider":"./jar/pg.jar;md5;9bf3f56804cff25d540caf628a861d17",
"lives":[{"name":"初秋语","type":0,"url":"./listx.txt"},
{"name":"YanG","type":0,"url":"https://fongmi.cachefly.net/YanG-1989/m3u/main/Adult.m3u"},
{"name":"atsushi","type":0,"url":"https://fongmi.cachefly.net/atsushi444/iptv-epg/main/Adult.m3u"},
{"name":"小武哥","type":0,"url":"https://qu.ax/PEHy.txt"},
{"name":"AV","type":0,"url":"./livex.m3u"},
{"name":"直播","type":0,"url":"https://fongmi.cachefly.net/YanG-1989/m3u/main/XX.m3u"}
],
"wallpaper":"https://liu.chuqiuyu.workers.dev",
"sites":[
{"key":"lf_js_search","name":"搜索","type":3,"searchable":0,"changeable":1,"quickSearch":0,"filterable":0,"api":"./lib/lf_search3_min.js","ext":"18+"},
{"key":"lf_js_p2p","name":"磁力","type":3,"searchable":1,"changeable":1,"quickSearch":1,"filterable":1,"api":"./lib/lf_p2p2_min.js","ext":"18+","timeout":60},
{"key":"lf_js_lf_live","name":"直播","type":3,"api":"./lib/lf_live_min.js","style":{ "type":"oval"},"searchable":1,"changeable":0,"quickSearch":1,"filterable":1,"ext":"./js/lf_live1.txt"},
{"key":"PikPakShare","name":"PikPak","type":3,"api":"csp_PikPakShare","searchable":1,"quickSearch":1, "changeable":0, "filterable":0, "timeout":60, "ext":"http://127.0.0.1:9978/file/TV/token.json$$$./json/pikpakclass.a.json$$$./json/pikpakclass.a.json.db.gz"},
{"key":"PikPakShare1","name":"PikPak1","type":3,"api":"csp_PikPakShare","searchable":1,"quickSearch":1, "changeable":0, "filterable":0, "timeout":60, "ext":"http://127.0.0.1:9978/file/TV/token.json$$$./json/pikpakclass.a1.json$$$./json/pikpakclass.a1.json.db.gz"},
{"key":"PikPakShare18","name":"PikPak18","type":3,"api":"csp_PikPakShare","searchable":1,"quickSearch":1, "changeable":0, "filterable":0, "timeout":60, "ext":"http://127.0.0.1:9978/file/TV/token.json$$$./json/pikpakclass18.json$$$./json/pikpakclass.a.json.db.gz"},
{"key":"配置中心","name":"配置中心","type":3,"api":"csp_Config","searchable":0,"changeable":0,"style":{"type":"rect","ratio":1},"ext":"http://127.0.0.1:9978/file/TV/token.json"},
{"key":"Cable","name":"CableAV","type":3,"api":"csp_Cable","searchable":1,"quickSearch":1, "changeable":1, "filterable":0, "timeout":60},
{  "key": "AList",  "name": "AList",  "type": 3,  "api": "csp_AList",  "searchable": 1,  "changeable": 0,  "ext": {"vodPic": "https://x.imgs.ovh/x/2023/09/05/64f680bb030b4.png","drives": [{"name": "网盘1","server": "https://alist-caimoui.cloud.okteto.net/私房菜/"}]}},
{"key":"csp_JavBus","name":"JavBus","type":3,"api":"csp_JavBus","searchable":1,"quickSearch":1,"filterable":1,"changeable":0,"style":{"type":"rect","ratio":1.77},"timeout":60},
{"key":"csp_JavDb","name":"JavDb","type":3,"api":"csp_JavDb","searchable":1,"quickSearch":1,"filterable":1,"changeable":0,"style":{"type":"rect","ratio":1.77},"timeout":60},
{"key":"nivod18","name":"泥巴貓","type":3,"api":"./cat/js/nivod_op.js","ext":"做爱"},
{"key":"mtsp_open","name":"蜜桃貓","type":3,"api":"./cat/js/mtsp_open.js","style":{"type":"rect","ratio":1.485}},
{"key":"18av_open","name":"18av貓","type":3,"api":"./cat/js/18av_open.js","style":{"type":"rect","ratio":1.485}},
{"key":"泥巴","name":"泥巴","type":3,"api":"csp_NiNi","searchable":1,"ext":"1"},
{"key":"量子","name":"量子","type":0,"api":"https://cj.lziapi.com/api.php/provide/vod/at/xml/","searchable":1,"changeable":1,"categories":["伦理片"]},
{"key":"非凡","name":"非凡","type":0,"api":"http://cj.ffzyapi.com/api.php/provide/vod/at/xml/","searchable":1,"changeable":1,"categories":["伦理片"]},
{"key":"玩偶","name":"玩偶","type":3,"api":"csp_Doll","searchable":1,"recordable":0,"style":{"type":"rect","ratio":1.309}},
{"key":"18AV","name":"18AV","type":3,"api":"csp_Eighteen","searchable":1,"recordable":0,"style":{"type":"rect","ratio":1.485}},
{"key":"18A貓","name":"18A貓","type":3,"api":"https://fongmi.cachefly.net/FongMi/CatVodOpen/main/open/18a_open.js","searchable":1,"recordable":0,"style":{"type":"rect","ratio":1.485}},
{"key":"Jable","name":"Jable","type":3,"api":"csp_Jable","searchable":1,"recordable":0,"style":{"type":"rect","ratio":1.77}},
{"key":"MissAV","name":"MissAV","type":3,"api":"csp_Miss","searchable":1,"recordable":0,"style":{"type":"rect","ratio":1.78}},
{"key":"Hanime","name":"Hanime","type":3,"api":"csp_Hanime","searchable":1,"recordable":0,"style":{"type":"rect","ratio":0.68}},
{"key":"国产","name":"顶级国产","type":3,"api":"csp_XBPQ","style":{"type":"rect","ratio":1.333},"ext":{"分类url":"https://aoo.qoqoavideo2.sbs/vodtype/{cateId}/page/{catePg}.html","直接播放":"1","分类":"国产$20#日本无码$22#饵食牝$136#欧美$23#欧美精品$104#三级$25#韩片$129#韩国唯美三级$132#韩国明星学生$130#韩国主播$131#AI换脸$41#国产精品$26#SWAG$135#偷拍自拍$29#精彩时刻$33#91大神$137#国产主播$35#3P群交$127#麻豆传媒$134#国产调教$81#美熟少妇$125#网红模特$86#女神学生$124#野合车震$90"},"jar":"./jar/fan.txt","style":{"type":"rect","ratio":1.33}},
{"key":"姐姐","name":"姐姐","type":3,"api":"csp_XBPQ","style":{"type":"rect","ratio":1.309},"ext":{"图片":"data-src=\"&&\"","直接播放":"1","分类url":"https://hongkongdollvideo.com/{cateId}/{catePg}.html","分类":"麻豆$麻豆传媒#天美$天美传媒#91$91制片厂#蜜桃$蜜桃传媒#香港$HongkongDoll#皇家$皇家华人#精东$精东影业#乐播$乐播传媒#成人$成人头条#乌鸦$乌鸦传媒#兔子$兔子先生#杏吧$杏吧原创#mini$mini传媒#大象$大象传媒#开心鬼$开心鬼传媒#pass$PsychoPorn#糖心$糖心Vlog"},"jar":"./jar/fan.txt","style":{"type":"rect","ratio":1.33}},
{"key":"玉兔资源","name":"玉兔资源","type":0,"api":"https://apiyutu.com/api.php/provide/vod/at/xml/","searchable":1,"style":{"type":"rect","ratio":1.333},"quickSearch":1},
{"key":"drpy_js_猫了个咪","name":"猫了个咪","type":3,"api":"./lib/drpy2.min.js","ext":"./js/猫了个咪.js"},
{"key":"drpy_js_跑TV","name":"跑TV","type":3,"api":"./lib/drpy2.min.js","ext":"./js/跑TV.js"},
{"key":"drpy_js_18av","name":"18av","type":3,"api":"./lib/drpy2.min.js","ext":"./js/18av.js"},
{"key":"drpy_js_banan","name":"banan","type":3,"api":"./lib/drpy2.min.js","ext":"./js/banan.js"},
{"key":"drpy_js_Missav","name":"Missav","type":3,"api":"./lib/drpy2.min.js","ext":"./js/Missav.js"},
{"key":"drpy_js_玩偶姐姐","name":"玩偶姐姐","type":3,"api":"./lib/drpy2.min.js","ext":"./js/玩偶姐姐.js"},
{"key":"drpy_js_吸瓜","name":"吸瓜","type":3,"api":"./lib/drpy2.min.js","ext":"./js/吸瓜.js"},
{"key":"drpy_js_养端","name":"养端","type":3,"api":"./lib/drpy2.min.js","ext":"./js/养端.js"},
{"key":"drpy_js_朱古力","name":"朱古力","type":3,"api":"./lib/drpy2.min.js","ext":"./js/朱古力.js"},
{"key":"kd","name":"酷豆","type":0,"api":"https://api.kdapi.info/api.php/provide/vod/at/xml/","searchable":1,"quickSearch":1,"filterable":0},
{"key":"kulunli","name":"酷伦理","type":1,"api":"https://api.kudian70.com/api.php/provide/vod/","searchable":1,"quickSearch":1,"filterable":1},
{"key": "timizy","name": "甜蜜资源 ","type": 1,"api": "https://timizy10.cc/api.php/provide/vod/?ac=list","searchable": 1,"changeable": 1,"quickSearch": 1,"filterable": 1},
{"key": "奥斯卡资源网","name": "奥斯卡资源网","type": 1,"api": "https://aosikazy.com/api.php/provide/vod/"},
{"key":"zmcj88.com","name":"成人01","type":0,"api":"http://zmcj88.com/sapi?ac=videolist","searchable":1,"recordable":0,"style":{"type":"rect","ratio":1.33},"header":{"Accept":"text/html,application/xhtml+xml,application/xml;q=0.9,image/avif,image/webp,image/apng,*/*;q=0.8,application/signed-exchange;v=b3;q=0.7","User-Agent":"Mozilla/5.0(WindowsNT10.0;Win64;x64)AppleWebKit/537.36(KHTML,likeGecko)Chrome/117.0.0.0Safari/537.36"}},
{"key":"jcspcj8.com","name":"成人02","type":0,"api":"http://jcspcj8.com/api?ac=videolist","searchable":1,"recordable":0,"style":{"type":"rect","ratio":1.33},"header":{"Accept":"text/html,application/xhtml+xml,application/xml;q=0.9,image/avif,image/webp,image/apng,*/*;q=0.8,application/signed-exchange;v=b3;q=0.7","User-Agent":"Mozilla/5.0(WindowsNT10.0;Win64;x64)AppleWebKit/537.36(KHTML,likeGecko)Chrome/117.0.0.0Safari/537.36"}},
{"key":"madouse.la","name":"成人03","type":1,"api":"http://madouse.la/api.php/provide/vod/","searchable":1,"recordable":0,"style":{"type":"rect","ratio":1.33},"header":{"Accept":"text/html,application/xhtml+xml,application/xml;q=0.9,image/avif,image/webp,image/apng,*/*;q=0.8,application/signed-exchange;v=b3;q=0.7","User-Agent":"Mozilla/5.0(WindowsNT10.0;Win64;x64)AppleWebKit/537.36(KHTML,likeGecko)Chrome/117.0.0.0Safari/537.36"}},
{"key":"99zywcj.com","name":"成人04","type":0,"api":"http://99zywcj.com/inc/sapi.php?ac=videolist","searchable":1,"recordable":0,"style":{"type":"rect","ratio":1.33},"header":{"Accept":"text/html,application/xhtml+xml,application/xml;q=0.9,image/avif,image/webp,image/apng,*/*;q=0.8,application/signed-exchange;v=b3;q=0.7","User-Agent":"Mozilla/5.0(WindowsNT10.0;Win64;x64)AppleWebKit/537.36(KHTML,likeGecko)Chrome/117.0.0.0Safari/537.36"}},
{"key":"wmcj8.com","name":"成人05","type":0,"api":"http://wmcj8.com/inc/sapi.php","searchable":1,"recordable":0,"style":{"type":"rect","ratio":1.33},"header":{"Accept":"text/html,application/xhtml+xml,application/xml;q=0.9,image/avif,image/webp,image/apng,*/*;q=0.8,application/signed-exchange;v=b3;q=0.7","User-Agent":"Mozilla/5.0(WindowsNT10.0;Win64;x64)AppleWebKit/537.36(KHTML,likeGecko)Chrome/117.0.0.0Safari/537.36"}},
{"key":"apilj.com","name":"成人06","type":1,"api":"http://apilj.com/api.php/provide/vod/at/json/","searchable":1,"recordable":0,"style":{"type":"rect","ratio":1.33},"header":{"Accept":"text/html,application/xhtml+xml,application/xml;q=0.9,image/avif,image/webp,image/apng,*/*;q=0.8,application/signed-exchange;v=b3;q=0.7","User-Agent":"Mozilla/5.0(WindowsNT10.0;Win64;x64)AppleWebKit/537.36(KHTML,likeGecko)Chrome/117.0.0.0Safari/537.36"}},
{"key":"91md.me","name":"成人07","type":1,"api":"http://91md.me/api.php/provide/vod/","searchable":1,"recordable":0,"style":{"type":"rect","ratio":1.33},"header":{"Accept":"text/html,application/xhtml+xml,application/xml;q=0.9,image/avif,image/webp,image/apng,*/*;q=0.8,application/signed-exchange;v=b3;q=0.7","User-Agent":"Mozilla/5.0(WindowsNT10.0;Win64;x64)AppleWebKit/537.36(KHTML,likeGecko)Chrome/117.0.0.0Safari/537.36"}},
{"key":"cjmygzy.com","name":"成人08","type":0,"api":"http://cjmygzy.com/inc/sapi.php?ac=videolist","searchable":1,"recordable":0,"style":{"type":"rect","ratio":1.33},"header":{"Accept":"text/html,application/xhtml+xml,application/xml;q=0.9,image/avif,image/webp,image/apng,*/*;q=0.8,application/signed-exchange;v=b3;q=0.7","User-Agent":"Mozilla/5.0(WindowsNT10.0;Win64;x64)AppleWebKit/537.36(KHTML,likeGecko)Chrome/117.0.0.0Safari/537.36"}},
{"key":"dadiapi.com","name":"成人09","type":0,"api":"http://dadiapi.com/api.php","searchable":1,"recordable":0,"style":{"type":"rect","ratio":1.33},"header":{"Accept":"text/html,application/xhtml+xml,application/xml;q=0.9,image/avif,image/webp,image/apng,*/*;q=0.8,application/signed-exchange;v=b3;q=0.7","User-Agent":"Mozilla/5.0(WindowsNT10.0;Win64;x64)AppleWebKit/537.36(KHTML,likeGecko)Chrome/117.0.0.0Safari/537.36"}},
{"key":"feifei67.com","name":"成人10","type":1,"api":"http://www.feifei67.com/api.php/provide/vod/","searchable":1,"recordable":0,"style":{"type":"rect","ratio":1.33},"header":{"Accept":"text/html,application/xhtml+xml,application/xml;q=0.9,image/avif,image/webp,image/apng,*/*;q=0.8,application/signed-exchange;v=b3;q=0.7","User-Agent":"Mozilla/5.0(WindowsNT10.0;Win64;x64)AppleWebKit/537.36(KHTML,likeGecko)Chrome/117.0.0.0Safari/537.36"}},
{"key":"llzxcj.com","name":"成人11","type":0,"api":"http://llzxcj.com/inc/sck.php?ac=videolist","searchable":1,"recordable":0,"style":{"type":"rect","ratio":1.33},"header":{"Accept":"text/html,application/xhtml+xml,application/xml;q=0.9,image/avif,image/webp,image/apng,*/*;q=0.8,application/signed-exchange;v=b3;q=0.7","User-Agent":"Mozilla/5.0(WindowsNT10.0;Win64;x64)AppleWebKit/537.36(KHTML,likeGecko)Chrome/117.0.0.0Safari/537.36"}},
{"key":"bttcj.com","name":"成人12","type":0,"api":"http://bttcj.com/inc/sapi.php","searchable":1,"recordable":0,"style":{"type":"rect","ratio":1.33},"header":{"Accept":"text/html,application/xhtml+xml,application/xml;q=0.9,image/avif,image/webp,image/apng,*/*;q=0.8,application/signed-exchange;v=b3;q=0.7","User-Agent":"Mozilla/5.0(WindowsNT10.0;Win64;x64)AppleWebKit/537.36(KHTML,likeGecko)Chrome/117.0.0.0Safari/537.36"}},
{"key":"mygzycj.com","name":"成人13","type":0,"api":"http://mygzycj.com/api.php?ac=list","searchable":1,"recordable":0,"style":{"type":"rect","ratio":1.33},"header":{"Accept":"text/html,application/xhtml+xml,application/xml;q=0.9,image/avif,image/webp,image/apng,*/*;q=0.8,application/signed-exchange;v=b3;q=0.7","User-Agent":"Mozilla/5.0(WindowsNT10.0;Win64;x64)AppleWebKit/537.36(KHTML,likeGecko)Chrome/117.0.0.0Safari/537.36"}},
{"key":"f2dcj6.com","name":"成人14","type":0,"api":"http://f2dcj6.com/sapi?ac=videolist","searchable":1,"recordable":0,"style":{"type":"rect","ratio":1.33},"header":{"Accept":"text/html,application/xhtml+xml,application/xml;q=0.9,image/avif,image/webp,image/apng,*/*;q=0.8,application/signed-exchange;v=b3;q=0.7","User-Agent":"Mozilla/5.0(WindowsNT10.0;Win64;x64)AppleWebKit/537.36(KHTML,likeGecko)Chrome/117.0.0.0Safari/537.36"}},
{"key":"api.11bat.com","name":"成人15","type":0,"api":"http://api.11bat.com/api.php/provide/vod/at/xml","searchable":1,"recordable":0,"style":{"type":"rect","ratio":1.33},"header":{"Accept":"text/html,application/xhtml+xml,application/xml;q=0.9,image/avif,image/webp,image/apng,*/*;q=0.8,application/signed-exchange;v=b3;q=0.7","User-Agent":"Mozilla/5.0(WindowsNT10.0;Win64;x64)AppleWebKit/537.36(KHTML,likeGecko)Chrome/117.0.0.0Safari/537.36"}},
{"key":"api.maozyapi.com","name":"成人16","type":1,"api":"https://api.maozyapi.com/inc/apijson_vod.php","searchable":1,"recordable":0,"style":{"type":"rect","ratio":1.33},"header":{"Accept":"text/html,application/xhtml+xml,application/xml;q=0.9,image/avif,image/webp,image/apng,*/*;q=0.8,application/signed-exchange;v=b3;q=0.7","User-Agent":"Mozilla/5.0(WindowsNT10.0;Win64;x64)AppleWebKit/537.36(KHTML,likeGecko)Chrome/117.0.0.0Safari/537.36"}},
{"key":"888dav.com","name":"成人17","type":1,"api":"https://www.888dav.com/api.php/provide/vod/","searchable":1,"recordable":0,"style":{"type":"rect","ratio":1.33},"header":{"Accept":"text/html,application/xhtml+xml,application/xml;q=0.9,image/avif,image/webp,image/apng,*/*;q=0.8,application/signed-exchange;v=b3;q=0.7","User-Agent":"Mozilla/5.0(WindowsNT10.0;Win64;x64)AppleWebKit/537.36(KHTML,likeGecko)Chrome/117.0.0.0Safari/537.36"}},
{"key":"apittzy.com","name":"成人18","type":1,"api":"https://apittzy.com/api.php/provide/vod/","searchable":1,"recordable":0,"style":{"type":"rect","ratio":1.33},"header":{"Accept":"text/html,application/xhtml+xml,application/xml;q=0.9,image/avif,image/webp,image/apng,*/*;q=0.8,application/signed-exchange;v=b3;q=0.7","User-Agent":"Mozilla/5.0(WindowsNT10.0;Win64;x64)AppleWebKit/537.36(KHTML,likeGecko)Chrome/117.0.0.0Safari/537.36"}},
{"key":"gdlsp.com","name":"成人19","type":0,"api":"https://www.gdlsp.com/api/xml.php","searchable":1,"recordable":0,"style":{"type":"rect","ratio":1.33},"header":{"Accept":"text/html,application/xhtml+xml,application/xml;q=0.9,image/avif,image/webp,image/apng,*/*;q=0.8,application/signed-exchange;v=b3;q=0.7","User-Agent":"Mozilla/5.0(WindowsNT10.0;Win64;x64)AppleWebKit/537.36(KHTML,likeGecko)Chrome/117.0.0.0Safari/537.36"}},
{"key":"msnii.com","name":"成人20","type":0,"api":"https://www.msnii.com/api/xml.php","searchable":1,"recordable":0,"style":{"type":"rect","ratio":1.33},"header":{"Accept":"text/html,application/xhtml+xml,application/xml;q=0.9,image/avif,image/webp,image/apng,*/*;q=0.8,application/signed-exchange;v=b3;q=0.7","User-Agent":"Mozilla/5.0(WindowsNT10.0;Win64;x64)AppleWebKit/537.36(KHTML,likeGecko)Chrome/117.0.0.0Safari/537.36"}},
{"key":"xrbsp.com","name":"成人21","type":0,"api":"https://www.xrbsp.com/api/xml.php","searchable":1,"recordable":0,"style":{"type":"rect","ratio":1.33},"header":{"Accept":"text/html,application/xhtml+xml,application/xml;q=0.9,image/avif,image/webp,image/apng,*/*;q=0.8,application/signed-exchange;v=b3;q=0.7","User-Agent":"Mozilla/5.0(WindowsNT10.0;Win64;x64)AppleWebKit/537.36(KHTML,likeGecko)Chrome/117.0.0.0Safari/537.36"}},
{"key":"kxgav.com","name":"成人22","type":0,"api":"https://www.kxgav.com/api/xml.php","searchable":1,"recordable":0,"style":{"type":"rect","ratio":1.33},"header":{"Accept":"text/html,application/xhtml+xml,application/xml;q=0.9,image/avif,image/webp,image/apng,*/*;q=0.8,application/signed-exchange;v=b3;q=0.7","User-Agent":"Mozilla/5.0(WindowsNT10.0;Win64;x64)AppleWebKit/537.36(KHTML,likeGecko)Chrome/117.0.0.0Safari/537.36"}},
{"key":"kkzy.me","name":"成人23","type":1,"api":"https://kkzy.me/api.php/provide/vod/","searchable":1,"recordable":0,"style":{"type":"rect","ratio":1.33},"header":{"Accept":"text/html,application/xhtml+xml,application/xml;q=0.9,image/avif,image/webp,image/apng,*/*;q=0.8,application/signed-exchange;v=b3;q=0.7","User-Agent":"Mozilla/5.0(WindowsNT10.0;Win64;x64)AppleWebKit/537.36(KHTML,likeGecko)Chrome/117.0.0.0Safari/537.36"}},
{"key":"shayuapi.com","name":"成人24","type":1,"api":"https://shayuapi.com/api.php/provide/vod/","searchable":1,"recordable":0,"style":{"type":"rect","ratio":1.33},"header":{"Accept":"text/html,application/xhtml+xml,application/xml;q=0.9,image/avif,image/webp,image/apng,*/*;q=0.8,application/signed-exchange;v=b3;q=0.7","User-Agent":"Mozilla/5.0(WindowsNT10.0;Win64;x64)AppleWebKit/537.36(KHTML,likeGecko)Chrome/117.0.0.0Safari/537.36"}},
{"key":"afasu.com","name":"成人25","type":0,"api":"https://www.afasu.com/api/xml.php","searchable":1,"recordable":0,"style":{"type":"rect","ratio":1.33},"header":{"Accept":"text/html,application/xhtml+xml,application/xml;q=0.9,image/avif,image/webp,image/apng,*/*;q=0.8,application/signed-exchange;v=b3;q=0.7","User-Agent":"Mozilla/5.0(WindowsNT10.0;Win64;x64)AppleWebKit/537.36(KHTML,likeGecko)Chrome/117.0.0.0Safari/537.36"}},
{"key":"lbapi9.com","name":"成人26","type":1,"api":"https://lbapi9.com/api.php/provide/vod/","searchable":1,"recordable":0,"style":{"type":"rect","ratio":1.33},"header":{"Accept":"text/html,application/xhtml+xml,application/xml;q=0.9,image/avif,image/webp,image/apng,*/*;q=0.8,application/signed-exchange;v=b3;q=0.7","User-Agent":"Mozilla/5.0(WindowsNT10.0;Win64;x64)AppleWebKit/537.36(KHTML,likeGecko)Chrome/117.0.0.0Safari/537.36"}},
{"key":"api.apilyzy.com","name":"成人27","type":1,"api":"https://api.apilyzy.com/api.php/provide/vod/","searchable":1,"recordable":0,"style":{"type":"rect","ratio":1.33},"header":{"Accept":"text/html,application/xhtml+xml,application/xml;q=0.9,image/avif,image/webp,image/apng,*/*;q=0.8,application/signed-exchange;v=b3;q=0.7","User-Agent":"Mozilla/5.0(WindowsNT10.0;Win64;x64)AppleWebKit/537.36(KHTML,likeGecko)Chrome/117.0.0.0Safari/537.36"}},
{"key":"push_agent","name":"推送","type":3,"api":"csp_Push","searchable":1,"changeable":0,"ext":"http://127.0.0.1:9978/file/TV/token.json"}
],
"rules":[
{"name":"proxy","hosts":["cableav.tv","mypikpak.com","edge-hls.doppiocdn.com",".*workers.dev","javdb.com","www.javbus.com","d3opspehgd3862dmfdp3sdf.siauliairsavlt.org","vl05t7es.rostelekom.xyz","raw.githubusercontent.com","googlevideo.com","cdn.v82u1l.com","cdn.iz8qkg.com","cdn.kin6c1.com","c.biggggg.com","c.olddddd.com","haiwaikan.com","www.histar.tv","youtube.com","uhibo.com",".*boku.*",".*nivod.*",".*ulivetv.*"]},
{"name":"磁力廣告","hosts":["magnet"],"regex":["更多","社區","xuu","最新","最新","直播","更新","社区","有趣","有趣","英皇体育","全中文AV在线","澳门皇冠赌场","哥哥快来","美女荷官","裸聊","新片首发","UUE29"]},
{"name":"量子廣告","hosts":["vip.lz","hd.lz","v.cdnlz"],"regex":["#EXT-X-DISCONTINUITY\\r*\\n*#EXTINF:6.433333,[\\s\\S]*?#EXT-X-DISCONTINUITY","#EXTINF.*?\\s+.*?1o.*?\\.ts\\s+"]},
{"name":"非凡廣告","hosts":["vip.ffzy","hd.ffzy"],"regex":["#EXT-X-DISCONTINUITY\\r*\\n*#EXTINF:6.666667,[\\s\\S]*?#EXT-X-DISCONTINUITY","#EXTINF.*?\\s+.*?1o.*?\\.ts\\s+"]}
]
}
